-- MySQL dump 10.13  Distrib 5.7.12, for Win64 (x86_64)
--
-- Host: localhost    Database: axisdb
-- ------------------------------------------------------
-- Server version	5.7.17-log

/*!40101 SET @OLD_CHARACTER_SET_CLIENT=@@CHARACTER_SET_CLIENT */;
/*!40101 SET @OLD_CHARACTER_SET_RESULTS=@@CHARACTER_SET_RESULTS */;
/*!40101 SET @OLD_COLLATION_CONNECTION=@@COLLATION_CONNECTION */;
/*!40101 SET NAMES utf8 */;
/*!40103 SET @OLD_TIME_ZONE=@@TIME_ZONE */;
/*!40103 SET TIME_ZONE='+00:00' */;
/*!40014 SET @OLD_UNIQUE_CHECKS=@@UNIQUE_CHECKS, UNIQUE_CHECKS=0 */;
/*!40014 SET @OLD_FOREIGN_KEY_CHECKS=@@FOREIGN_KEY_CHECKS, FOREIGN_KEY_CHECKS=0 */;
/*!40101 SET @OLD_SQL_MODE=@@SQL_MODE, SQL_MODE='NO_AUTO_VALUE_ON_ZERO' */;
/*!40111 SET @OLD_SQL_NOTES=@@SQL_NOTES, SQL_NOTES=0 */;

--
-- Table structure for table `assignmentoftools`
--

DROP TABLE IF EXISTS `assignmentoftools`;
/*!40101 SET @saved_cs_client     = @@character_set_client */;
/*!40101 SET character_set_client = utf8 */;
CREATE TABLE `assignmentoftools` (
  `PurchaseOrderId` int(11) NOT NULL,
  `SuppliedBy` varchar(50) DEFAULT NULL,
  `AditionalInfo` varchar(300) DEFAULT NULL,
  `OrderNumber` varchar(45) DEFAULT NULL,
  `Cost` double DEFAULT NULL,
  `FileT` varchar(80) DEFAULT NULL,
  PRIMARY KEY (`PurchaseOrderId`)
) ENGINE=InnoDB DEFAULT CHARSET=utf8;
/*!40101 SET character_set_client = @saved_cs_client */;

--
-- Dumping data for table `assignmentoftools`
--

LOCK TABLES `assignmentoftools` WRITE;
/*!40000 ALTER TABLE `assignmentoftools` DISABLE KEYS */;
/*!40000 ALTER TABLE `assignmentoftools` ENABLE KEYS */;
UNLOCK TABLES;

--
-- Table structure for table `assignmentoftoolsbyjobs`
--

DROP TABLE IF EXISTS `assignmentoftoolsbyjobs`;
/*!40101 SET @saved_cs_client     = @@character_set_client */;
/*!40101 SET character_set_client = utf8 */;
CREATE TABLE `assignmentoftoolsbyjobs` (
  `Id` int(11) NOT NULL AUTO_INCREMENT,
  `Manufacturer` varchar(45) DEFAULT NULL,
  `Model` varchar(45) DEFAULT NULL,
  `Serial1` varchar(45) DEFAULT NULL,
  `Serial2` varchar(45) DEFAULT NULL,
  `Status` varchar(45) DEFAULT NULL,
  `CDMD` date DEFAULT NULL,
  `Additional1` varchar(45) DEFAULT NULL,
  `Additional2` varchar(45) DEFAULT NULL,
  `Location` varchar(45) DEFAULT NULL,
  `Category` varchar(45) DEFAULT NULL,
  `ContractId` int(11) DEFAULT '0',
  `CheckJob` enum('true','false') DEFAULT 'false',
  PRIMARY KEY (`Id`)
) ENGINE=InnoDB AUTO_INCREMENT=41 DEFAULT CHARSET=utf8;
/*!40101 SET character_set_client = @saved_cs_client */;

--
-- Dumping data for table `assignmentoftoolsbyjobs`
--

LOCK TABLES `assignmentoftoolsbyjobs` WRITE;
/*!40000 ALTER TABLE `assignmentoftoolsbyjobs` DISABLE KEYS */;
INSERT INTO `assignmentoftoolsbyjobs` VALUES (1,'AMPROBE','TIC 300 PRO','150500133',NULL,'NA','2017-08-19',NULL,NULL,'WAREHOUSE','TIC TRACER',0,'false'),(2,'AMPROBE','TIC 300 PRO','150300102','NA','GOOD','2017-08-23','NA','NA','WAREHOUSE','TIC TRACER',0,'false'),(3,'AMPROBE','TIC 300 PRO','150501154','NA','GOOD','2017-08-23','NA','NA','WAREHOUSE','TIC TRACER',0,'false'),(4,'AMPROBE','TIC 300 PRO','150700227','NA','GOOD','2017-08-23','NA','NA','WAREHOUSE','TIC TRACER',0,'false'),(5,'AMPROBE','TIC 300 PRO','150600296','NA','GOOD','2017-08-23','NA','NA','WAREHOUSE','TIC TRACER',0,'false'),(6,'AMPROBE','TIC 300 PRO','150700411','NA','GOOD','2017-08-23','NA','NA','WAREHOUSE','TIC TRACER',0,'false'),(7,'AMPROBE','TIC 300 PRO','150500502','NA','GOOD','2017-08-23','NA','NA','WAREHOUSE','TIC TRACER',0,'false'),(8,'STAHLWILLE','MANOSKOP 730','615236586','NA','GOOD','2017-08-18','NA','NA','WAREHOUSE','TORQUE WRENCH',0,'false'),(9,'STAHLWILLE','MANOSKOP 730','615236576','NA','NA','2017-07-15','NA','NA','WAREHOUSE','TORQUE WRENCH',0,'false'),(10,'STAHLWILLE','MANOSKOP 730','615236578','NA','NA','2017-07-15','NA','NA','WAREHOUSE','TORQUE WRENCH',0,'false'),(11,'STAHLWILLE','MANOSKOP 730','207198009','NA','NA','2017-07-15','NA','NA','WAREHOUSE','TORQUE WRENCH',0,'false'),(12,'STAHLWILLE','MANOSKOP 730','615270509','NA','NA','2017-07-15','NA','NA','WAREHOUSE','TORQUE WRENCH',0,'false'),(13,'STAHLWILLE','MANOSKOP 730 N','615236540','NA','NA','2017-07-15','NA','NA','WAREHOUSE','TORQUE WRENCH',0,'false'),(14,'STAHLWILLE','MANOSKOP 730','615236583','NA','NA','2017-07-15','NA','NA','WAREHOUSE','TORQUE WRENCH',0,'false'),(15,'STAHLWILLE','MANOSKOP 730','615236585','NA','NA','2017-07-15','NA','NA','WAREHOUSE','TORQUE WRENCH',0,'false'),(16,'FACOM','S306-350D','CY0718','NA','NA','2017-07-15','NA','NA','WAREHOUSE','TORQUE WRENCH',0,'false'),(17,'WREN','ML8024','S4/N73186','NA','NA','2017-08-01','NA','NA','WAREHOUSE','TORQUE PUMP',0,'false'),(18,'HASTINGS','8206','160247','NA','NA','2017-05-01','NA','NA','WAREHOUSE','HOT STICK',0,'false'),(19,'HASTINGS','8105','NA','NA','NA','2017-07-15','NA','NA','WAREHOUSE','HOT STICK',0,'false'),(20,'HASTINGS','4009','NA','NA','NA','2017-07-15','NA','NA','WAREHOUSE','HOT STICK',0,'false'),(21,'HASTINGS','8108','NA','NA','NA','2017-07-15','NA','NA','WAREHOUSE','HOT STICK',0,'false'),(22,'BRADY','LOCK BOX','LB-001','NA','NA','2017-07-15','NA','NA','WAREHOUSE','LOTO BOX',0,'false'),(23,'BRADY','LOCK BOX','LB-002','NA','NA','2017-07-15','NA','NA','WAREHOUSE','LOTO BOX',0,'false'),(24,'BRADY','LOCK BOX','LB-003','NA','NA','2017-07-15','NA','NA','WAREHOUSE','LOTO BOX',0,'false'),(25,'BRADY','LOCK BOX','LB-004','NA','NA','2017-07-15','NA','NA','WAREHOUSE','LOTO BOX',0,'false'),(26,'BRADY','LOCK BOX','LB-005','NA','NA','2017-07-15','NA','NA','WAREHOUSE','LOTO BOX',0,'false'),(27,'BRADY','LOCK BOX','LB-006','NA','NA','2017-07-15','NA','NA','WAREHOUSE','LOTO BOX',0,'false'),(28,'BRADY','LOCK BOX','LB-007','NA','NA','2017-07-15','NA','NA','WAREHOUSE','LOTO BOX',0,'false'),(29,'BRADY','LOCK BOX','LB-008','NA','NA','2017-07-15','NA','NA','WAREHOUSE','LOTO BOX',0,'false'),(30,'BRADY','LOCK BOX','LB-009','NA','NA','2017-07-15','NA','NA','WAREHOUSE','LOTO BOX',0,'false'),(31,'SALISBURY','FH40GY','40 CAL-900','11520','GOOD','2016-12-13',NULL,NULL,'WAREHOUSE','40 CAL SUIT',0,'false'),(32,'SALISBURY','FH40PLT','40 CAL-002','286858','GOOD','2016-08-12',NULL,NULL,'WAREHOUSE','40 CAL SUIT',0,'false'),(33,'SALISBURY','FH40PLT','40 CAL-001','295146','GOOD','2017-01-26',NULL,NULL,'WAREHOUSE','40 CAL SUIT',0,'false'),(34,'SALISBURY','FH40GY','40 CAL-901','11871','GOOD','2016-08-12',NULL,NULL,'WAREHOUSE','40 CAL SUIT',0,'false'),(35,'SALISBURY','FH40PLT','40 CAL-902','291990','NO FACE SHIELD','2000-01-01',NULL,NULL,'WAREHOUSE','40 CAL SUIT',0,'false'),(36,'SALISBURY','FH40PLT','40 CAL-004','294399','GOOD','2016-08-12',NULL,NULL,'WAREHOUSE','40 CAL SUIT',0,'false'),(37,'SALISBURY','NONE','NONE','NONE','NONE','2000-01-01',NULL,NULL,'WAREHOUSE','40 CAL SUIT',0,'false');
/*!40000 ALTER TABLE `assignmentoftoolsbyjobs` ENABLE KEYS */;
UNLOCK TABLES;

--
-- Table structure for table `assignmentoftoolsbytrucks`
--

DROP TABLE IF EXISTS `assignmentoftoolsbytrucks`;
/*!40101 SET @saved_cs_client     = @@character_set_client */;
/*!40101 SET character_set_client = utf8 */;
CREATE TABLE `assignmentoftoolsbytrucks` (
  `Id` int(11) NOT NULL AUTO_INCREMENT,
  `Manufacturer` varchar(45) DEFAULT NULL,
  `Model` varchar(45) DEFAULT NULL,
  `Serial1` varchar(45) DEFAULT NULL,
  `Serial2` varchar(45) DEFAULT NULL,
  `Status` varchar(45) DEFAULT NULL,
  `CDMD` date DEFAULT NULL,
  `Additional1` varchar(45) DEFAULT NULL,
  `Additional2` varchar(45) DEFAULT NULL,
  `Location` varchar(45) DEFAULT NULL,
  `Category` varchar(45) DEFAULT NULL,
  `TruckId` int(11) DEFAULT '0',
  `CheckTruck` enum('false','true') DEFAULT 'false',
  PRIMARY KEY (`Id`)
) ENGINE=InnoDB AUTO_INCREMENT=49 DEFAULT CHARSET=utf8;
/*!40101 SET character_set_client = @saved_cs_client */;

--
-- Dumping data for table `assignmentoftoolsbytrucks`
--

LOCK TABLES `assignmentoftoolsbytrucks` WRITE;
/*!40000 ALTER TABLE `assignmentoftoolsbytrucks` DISABLE KEYS */;
INSERT INTO `assignmentoftoolsbytrucks` VALUES (1,'SKYLOTEC','MILAN 2.0 HUB','310560-014',NULL,'NA','2017-08-23',NULL,NULL,'WAREHOUSE','RESCUE KIT',0,'false'),(2,'SKYLOTEC','MILAN 2.0 HUB','7017400',NULL,'NA','2017-08-23',NULL,NULL,'WAREHOUSE','RESCUE KIT',0,'false'),(3,'SKYLOTEC','MILAN 2.0 HUB','310560027',NULL,'NA','2017-08-23',NULL,NULL,'WAREHOUSE','RESCUE KIT',0,'false'),(4,'SKYLOTEC','MILAN 2.0 HUB','ARK-601',NULL,'NA','2017-08-23',NULL,NULL,'WAREHOUSE','RESCUE KIT',0,'false'),(5,'SKYLOTEC','MILAN 2.0 HUB','ARK-002',NULL,'NA','2017-08-23',NULL,NULL,'WAREHOUSE','RESCUE KIT',0,'false'),(6,'SKYLOTEC','MILAN 2.0 HUB','7017411',NULL,'NA','2017-08-23',NULL,NULL,'WAREHOUSE','RESCUE KIT',0,'false'),(7,'SKYLOTEC','MILAN 2.0 HUB','7017410',NULL,'NA','2017-08-23',NULL,NULL,'WAREHOUSE','RESCUE KIT',0,'false'),(8,'SKYLOTEC','MILAN 2.0 HUB','7017413',NULL,'NA','2017-08-23',NULL,NULL,'WAREHOUSE','RESCUE KIT',0,'false'),(9,'SKYLOTEC','MILAN 2.0 HUB','309937-002',NULL,'NA','2017-08-23',NULL,NULL,'WAREHOUSE','RESCUE KIT',0,'false'),(10,'SKYLOTEC','MILAN 2.0 HUB','ARK-810',NULL,'NA','2017-08-23',NULL,NULL,'WAREHOUSE','RESCUE KIT',0,'false'),(11,'SKYLOTEC','MILAN 2.0 HUB','ARK-811',NULL,'NA','2017-08-23',NULL,NULL,'WAREHOUSE','RESCUE KIT',0,'false'),(12,'AXIS','NA','ATK-200','3303087','GOOD','2017-07-15','NO COMPLETE',NULL,'WAREHOUSE','TOOL KIT',0,'false'),(13,'AXIS','NA','ATK-117','35050264WS','GOOD','2017-07-15','NO COMPLETE',NULL,'WAREHOUSE','TOOL KIT',0,'false'),(14,'AXIS','NA','ATK-121','33360274','GOOD','2017-07-15','NO COMPLETE',NULL,'WAREHOUSE','TOOL KIT',0,'false'),(15,'AXIS','NA','ATK-155','32950011WS','GOOD','2017-07-15','NO COMPLETE',NULL,'WAREHOUSE','TOOL KIT',0,'false'),(16,'AXIS','NA','ATK-171','33510139','GOOD','2018-01-31','COMPLETE',NULL,'WAREHOUSE','TOOL KIT',0,'false'),(17,'AXIS','NA','ATK-002','32910212','GOOD','2017-03-07','COMPLETE',NULL,'WAREHOUSE','TOOL KIT',0,'false'),(18,'SALISBURY','CLASS 0','7924135',NULL,'GOOD','2017-12-05','WITH GLOVE BAG',NULL,'WAREHOUSE','CLASS 0 GLOVES',0,'false'),(19,'SALISBURY','CLASS 0','8383431',NULL,'GOOD','2017-12-05','WITH GLOVE BAG',NULL,'WAREHOUSE','CLASS 0 GLOVES',0,'false'),(20,'SALISBURY','CLASS 0','C0S10B40151',NULL,'GOOD','2017-12-05','WITH GLOVE BAG',NULL,'WAREHOUSE','CLASS 0 GLOVES',0,'false'),(21,'SALISBURY','CLASS 0','9364239',NULL,'GOOD','2017-12-05','WITH GLOVE BAG',NULL,'WAREHOUSE','CLASS 0 GLOVES',0,'false'),(22,'SALISBURY','CLASS 0','C0S10B40151',NULL,'GOOD','2017-12-05','WITH GLOVE BAG',NULL,'WAREHOUSE','CLASS 0 GLOVES',0,'false'),(23,'SALISBURY','CLASS 0','101716',NULL,'GOOD','2017-12-05','WITH GLOVE BAG',NULL,'WAREHOUSE','CLASS 0 GLOVES',0,'false'),(24,'SALISBURY','CLASS 0','8100271',NULL,'GOOD','2017-12-05','WITH GLOVE BAG',NULL,'WAREHOUSE','CLASS 0 GLOVES',0,'false'),(25,'SALISBURY/NORTH','TYPE 1 CLASS E','HVFC-903',NULL,'GOOD','2017-07-15',NULL,NULL,'WAREHOUSE','CLASS 0 FACE SHIELD',0,'false'),(26,'SALISBURY/NORTH','TYPE 1 CLASS E','HVFC-904',NULL,'GOOD','2017-07-15',NULL,NULL,'WAREHOUSE','CLASS 0 FACE SHIELD',0,'false'),(27,'SALISBURY/NORTH','TYPE 1 CLASS E','HVFC-905',NULL,'GOOD','2017-07-15',NULL,NULL,'WAREHOUSE','CLASS 0 FACE SHIELD',0,'false'),(28,'SALISBURY/NORTH','TYPE 1 CLASS E','HVFC-906',NULL,'GOOD','2017-07-15',NULL,NULL,'WAREHOUSE','CLASS 0 FACE SHIELD',0,'false'),(29,'SALISBURY/NORTH','TYPE 1 CLASS E','HVFC-907',NULL,'GOOD','2017-07-15',NULL,NULL,'WAREHOUSE','CLASS 0 FACE SHIELD',0,'false'),(30,'SALISBURY/NORTH','TYPE 1 CLASS E','HVFC-908',NULL,'GOOD','2017-07-15',NULL,NULL,'WAREHOUSE','CLASS 0 FACE SHIELD',0,'false'),(31,'SALISBURY/NORTH','TYPE 1 CLASS E','HVFC-909',NULL,'GOOD','2017-07-15',NULL,NULL,'WAREHOUSE','CLASS 0 FACE SHIELD',0,'false'),(32,'SALISBURY/NORTH','TYPE 1 CLASS E','HVFC-910',NULL,'GOOD','2017-07-15',NULL,NULL,'WAREHOUSE','CLASS 0 FACE SHIELD',0,'false'),(33,'SALISBURY/NORTH','TYPE 1 CLASS E','HVFC-911',NULL,'GOOD','2017-07-15',NULL,NULL,'WAREHOUSE','CLASS 0 FACE SHIELD',0,'false'),(34,'SALISBURY/NORTH','TYPE 1 CLASS E','HVFC-912',NULL,'GOOD','2017-07-15',NULL,NULL,'WAREHOUSE','CLASS 0 FACE SHIELD',0,'false'),(35,'SALISBURY/NORTH','TYPE 1 CLASS E','HVFC-913',NULL,'GOOD','2017-07-15',NULL,NULL,'WAREHOUSE','CLASS 0 FACE SHIELD',0,'false'),(36,'SALISBURY/NORTH','TYPE 1 CLASS E','HVFC-914',NULL,'GOOD','2017-07-15',NULL,NULL,'WAREHOUSE','CLASS 0 FACE SHIELD',0,'false'),(37,'SALISBURY/NORTH','TYPE 1 CLASS E','HVFC-915',NULL,'INCOMPLETED','2017-07-15','NO FACE SHIELD',NULL,'WAREHOUSE','CLASS 0 FACE SHIELD',0,'false'),(38,'SALISBURY/NORTH','TYPE 1 CLASS E','HVFC-916',NULL,'INCOMPLETED','2017-07-15','NO FACE SHIELD',NULL,'WAREHOUSE','CLASS 0 FACE SHIELD',0,'false'),(39,'SALISBURY/NORTH','TYPE 1 CLASS E','HVFC-917',NULL,'INCOMPLETED','2017-07-15','NO FACE SHIELD',NULL,'WAREHOUSE','CLASS 0 FACE SHIELD',0,'false'),(40,'SALISBURY/NORTH','TYPE 1 CLASS E','HVFC-918',NULL,'INCOMPLETED','2017-07-15','NO FACE SHIELD',NULL,'WAREHOUSE','CLASS 0 FACE SHIELD',0,'false'),(41,'SALISBURY/NORTH','TYPE 1 CLASS E','HVFC-919',NULL,'INCOMPLETED','2017-07-15','NO FACE SHIELD',NULL,'WAREHOUSE','CLASS 0 FACE SHIELD',0,'false'),(42,'SALISBURY/NORTH','TYPE 1 CLASS E','HVFC-920',NULL,'INCOMPLETED','2017-07-15','NO FACE SHIELD',NULL,'WAREHOUSE','CLASS 0 FACE SHIELD',0,'false'),(43,'SALISBURY/NORTH','TYPE 1 CLASS E','HVFC-921',NULL,'INCOMPLETED','2017-07-15','NO FACE SHIELD',NULL,'WAREHOUSE','CLASS 0 FACE SHIELD',0,'false'),(44,'SALISBURY/NORTH','TYPE 1 CLASS E','HVFC-922',NULL,'GOOD','2017-07-15',NULL,NULL,'WAREHOUSE','CLASS 0 FACE SHIELD',0,'false'),(45,'SALISBURY/NORTH','TYPE 1 CLASS E','HVFS-013',NULL,'GOOD','2017-07-15',NULL,NULL,'WAREHOUSE','CLASS 0 FACE SHIELD',0,'false'),(46,'SALISBURY/NORTH','TYPE 1 CLASS E','HVFS-009',NULL,'INCOMPLETED','2017-07-15','NO FACE SHIELD',NULL,'WAREHOUSE','CLASS 0 FACE SHIELD',0,'false'),(47,'SALISBURY/NORTH','TYPE 1 CLASS E','HVFS-002',NULL,'INCOMPLETED','2017-07-15','NO FACE SHIELD',NULL,'WAREHOUSE','CLASS 0 FACE SHIELD',0,'false');
/*!40000 ALTER TABLE `assignmentoftoolsbytrucks` ENABLE KEYS */;
UNLOCK TABLES;

--
-- Table structure for table `ccalls`
--

DROP TABLE IF EXISTS `ccalls`;
/*!40101 SET @saved_cs_client     = @@character_set_client */;
/*!40101 SET character_set_client = utf8 */;
CREATE TABLE `ccalls` (
  `CcallId` int(11) NOT NULL AUTO_INCREMENT,
  `Date` date DEFAULT NULL,
  `Title` varchar(45) DEFAULT NULL,
  `Note` text,
  `UserName` varchar(45) DEFAULT NULL,
  `UserId` int(11) DEFAULT NULL,
  `ClientId` int(11) DEFAULT NULL,
  PRIMARY KEY (`CcallId`),
  KEY `ClientId_idx` (`ClientId`),
  CONSTRAINT `FClientId` FOREIGN KEY (`ClientId`) REFERENCES `clients` (`ClientId`) ON DELETE CASCADE ON UPDATE CASCADE
) ENGINE=InnoDB AUTO_INCREMENT=2 DEFAULT CHARSET=utf8 COMMENT='		';
/*!40101 SET character_set_client = @saved_cs_client */;

--
-- Dumping data for table `ccalls`
--

LOCK TABLES `ccalls` WRITE;
/*!40000 ALTER TABLE `ccalls` DISABLE KEYS */;
INSERT INTO `ccalls` VALUES (1,'2017-12-26','Prueba','Nota de prueba 1','alavalle@axisrg.com',NULL,1000);
/*!40000 ALTER TABLE `ccalls` ENABLE KEYS */;
UNLOCK TABLES;

--
-- Table structure for table `clients`
--

DROP TABLE IF EXISTS `clients`;
/*!40101 SET @saved_cs_client     = @@character_set_client */;
/*!40101 SET character_set_client = utf8 */;
CREATE TABLE `clients` (
  `ClientId` int(11) NOT NULL AUTO_INCREMENT,
  `FirstName` varchar(45) DEFAULT NULL,
  `LastName` varchar(45) DEFAULT NULL,
  `Title` varchar(45) DEFAULT NULL,
  `Department` varchar(45) DEFAULT NULL,
  `WorkPhone` varchar(45) DEFAULT NULL,
  `Email` varchar(45) DEFAULT NULL,
  `Street` varchar(200) DEFAULT NULL,
  `City` varchar(45) DEFAULT NULL,
  `State` varchar(45) DEFAULT NULL,
  `ZipCode` varchar(45) DEFAULT NULL,
  `Country` varchar(45) DEFAULT NULL,
  `Company` varchar(45) DEFAULT NULL,
  `Region` varchar(45) DEFAULT NULL,
  PRIMARY KEY (`ClientId`)
) ENGINE=InnoDB AUTO_INCREMENT=1001 DEFAULT CHARSET=utf8;
/*!40101 SET character_set_client = @saved_cs_client */;

--
-- Dumping data for table `clients`
--

LOCK TABLES `clients` WRITE;
/*!40000 ALTER TABLE `clients` DISABLE KEYS */;
INSERT INTO `clients` VALUES (1000,'DEFAULT','DEFAULT','DEFAULT','DEFAULF','0000000000','NO_REPLY@APPSAXISRG.COM','DEFAULT','DEFAULT','DEFAULT','00000','USA','AXISRG','A');
/*!40000 ALTER TABLE `clients` ENABLE KEYS */;
UNLOCK TABLES;

--
-- Table structure for table `contracts`
--

DROP TABLE IF EXISTS `contracts`;
/*!40101 SET @saved_cs_client     = @@character_set_client */;
/*!40101 SET character_set_client = utf8 */;
CREATE TABLE `contracts` (
  `ContractId` int(11) NOT NULL AUTO_INCREMENT,
  `Comments` varchar(100) DEFAULT NULL,
  `Date` date DEFAULT NULL,
  `File` varchar(150) DEFAULT NULL,
  `StartDate` date DEFAULT NULL,
  `EndDate` date DEFAULT NULL,
  `Status` varchar(45) DEFAULT NULL,
  `RfqId` int(11) DEFAULT NULL,
  `RversionId` int(11) DEFAULT NULL,
  `UserId` varchar(128) DEFAULT NULL,
  PRIMARY KEY (`ContractId`),
  KEY `Ffqid_contracts_idx` (`RfqId`),
  CONSTRAINT `RfqId_contracts` FOREIGN KEY (`RfqId`) REFERENCES `rfqs` (`RfqId`) ON DELETE CASCADE ON UPDATE CASCADE
) ENGINE=InnoDB AUTO_INCREMENT=2 DEFAULT CHARSET=utf8;
/*!40101 SET character_set_client = @saved_cs_client */;

--
-- Dumping data for table `contracts`
--

LOCK TABLES `contracts` WRITE;
/*!40000 ALTER TABLE `contracts` DISABLE KEYS */;
INSERT INTO `contracts` VALUES (1,'nothing','2017-12-29','IFE AACA.pdf','2017-12-29','2017-12-31','OPEN',1081,142,'b1e4da49-7b9c-4970-9225-15fd73b3046d');
/*!40000 ALTER TABLE `contracts` ENABLE KEYS */;
UNLOCK TABLES;

--
-- Table structure for table `farms`
--

DROP TABLE IF EXISTS `farms`;
/*!40101 SET @saved_cs_client     = @@character_set_client */;
/*!40101 SET character_set_client = utf8 */;
CREATE TABLE `farms` (
  `FarmId` int(11) NOT NULL AUTO_INCREMENT,
  `TypeFarm` varchar(45) NOT NULL,
  `FarmName` varchar(200) NOT NULL,
  `StreetAddress` varchar(200) DEFAULT NULL,
  `City` varchar(45) DEFAULT NULL,
  `State` varchar(45) DEFAULT NULL,
  `ZipCode` varchar(45) DEFAULT NULL,
  `Country` varchar(45) DEFAULT NULL,
  `Manufacture` varchar(45) DEFAULT NULL,
  `Platform` varchar(200) DEFAULT NULL,
  `Convertor` varchar(45) DEFAULT NULL,
  `NumberTowers` int(11) DEFAULT NULL,
  `NumberMws` float DEFAULT NULL,
  `Gearbox` varchar(45) DEFAULT NULL,
  `ClientId` int(11) DEFAULT NULL,
  `Panel` varchar(45) DEFAULT NULL,
  `GeoLong` float DEFAULT NULL,
  `GeoLat` float DEFAULT NULL,
  `Email` varchar(45) DEFAULT NULL,
  PRIMARY KEY (`FarmId`),
  KEY `ClientId_idx` (`ClientId`),
  CONSTRAINT `ClientId` FOREIGN KEY (`ClientId`) REFERENCES `clients` (`ClientId`) ON DELETE NO ACTION ON UPDATE NO ACTION
) ENGINE=InnoDB AUTO_INCREMENT=2302 DEFAULT CHARSET=utf8;
/*!40101 SET character_set_client = @saved_cs_client */;

--
-- Dumping data for table `farms`
--

LOCK TABLES `farms` WRITE;
/*!40000 ALTER TABLE `farms` DISABLE KEYS */;
INSERT INTO `farms` VALUES (1005,'0','AXIS TEST','CARRETERA PUERTO JUAREZ CHETUMAL','PUERTO MORELOS','QROO','32000','MEXICO','AXIONA','PLATTFORM 1','CONVERTOR 1',1,2.3,'GEARBOX 1',1000,NULL,20.9761,-86.8613,'NO_REPLY@APPSAXISRG.COM'),(1009,'0','251 (Monolith)','13000 Jameson Road','Tehachapi','CA','0','USA','','','',0,22.42,'',1000,'',35.1322,-118.448,''),(1010,'0','AB Tehachapi','','Tehachapi','CA','0','USA','','No Unit Specified','',0,6.97,'',1000,'',35.1322,-118.448,''),(1011,'0','Ad Astra Wind Farm (FKA Waverly Wind Farm)','','','KS','0','USA','','No Unit Specified','',0,199,'',1000,'',38.2569,-95.8142,''),(1012,'0','Ada - Ohio Northern University','525 S. Main Street','Ada','OH','0','USA','','No Unit Specified','',0,1.2,'',1000,'',40.7654,-83.8232,''),(1013,'0','Adair','','','IA','0','USA','','SWT 2.3/82','',0,174.8,'',1000,'',41.424,-94.6706,''),(1014,'0','Adams','13051 525th Ave','Cosmos','MN','0','USA','','ECO 86','',0,19.8,'',1000,'',44.9364,-94.717,''),(1015,'0','Adams Wind Farm (AKA Wind IX)','','','IA','0','USA','','No Unit Specified','',0,162,'',1000,'',40.92,-94.6717,''),(1016,'0','Aeroturbine','','','CA','0','USA','','No Unit Specified','',0,4.7,'',1000,'',0,0,''),(1017,'0','AG Land 1-4','','','IA','0','USA','','No Unit Specified','',0,6.4,'',1000,'',0,0,''),(1018,'0','AG Land 5-6','','','IA','0','USA','','No Unit Specified','',0,3.2,'',1000,'',0,0,''),(1019,'0','Agassiz Beach','','Keene','MN','0','USA','','No Unit Specified','',0,1.98,'',1000,'',47.0052,-96.4355,''),(1020,'0','AgriWind','10632 1200 East Street','Tiskilwa','IL','0','USA','','No Unit Specified','',0,8.4,'',1000,'',41.303,-89.6194,''),(1021,'0','Ainsworth','','Ainsworth','NE','0','USA','','V82-1.65 MW','',0,60,'',1000,'',42.4524,-99.898,''),(1022,'0','Akron-Westfield School District','','Akron Westfield','IA','0','USA','','No Unit Specified','',0,0.6,'',1000,'',42.0369,-93.4664,''),(1023,'0','Alexander','','Alexander','KS','0','USA','','No Unit Specified','',0,50.715,'',1000,'',38.4247,-99.5075,''),(1024,'0','Alite','','Mojave','CA','0','USA','','No Unit Specified','',0,24,'',1000,'',35.0525,-118.173,''),(1025,'0','Allegheny Ridge','','Portage','PA','0','USA','','No Unit Specified','',0,80,'',1000,'',40.3613,-78.5997,''),(1026,'0','Alstom Wind Texas','','Lubbock','TX','0','USA','','No Unit Specified','',0,1.67,'',1000,'',33.5778,-101.855,''),(1027,'0','Alta East Wind Project','Mojave','','CA','0','USA','','No Unit Specified','',0,153,'',1000,'',0,0,''),(1028,'0','Alta Mesa I & II (Swanmill)','','San Gorgonio','CA','0','USA','','No Unit Specified','',0,18.7,'',1000,'',34.1006,-116.828,''),(1029,'0','Alta Mesa III','','San Gorgonio','CA','0','USA','','V27','',0,9.45,'',1000,'',34.1006,-116.828,''),(1030,'0','Alta Wind Energy Center (Alta Wind I)','','Tehachapi','CA','0','USA','','1.5sle','',0,150,'',1000,'',34.9985,-118.224,''),(1031,'0','Alta Wind Energy Center (Alta Wind II - V)','','Tehachapi','CA','0','USA','','V90-3.0MW','',0,570,'',1000,'',35.0726,-118.377,''),(1032,'0','Alta Wind Energy Center (Alta Wind VIII)','','Tehachapi','CA','0','USA','','V90-3.0MW','',0,150,'',1000,'',35.0267,-118.235,''),(1033,'0','Alta Wind Energy Center (Alta Wind X & XI)','','Tehachapi','CA','0','USA','','No Unit Specified','',0,228,'',1000,'',35.0211,-118.321,''),(1034,'0','Altamont','','Livermore','CA','0','USA','','No Unit Specified','',0,11.83,'',1000,'',37.6017,-121.72,''),(1035,'0','Altamont Midway Ltd','','','CA','0','USA','','','',0,10.9,'',1000,'',37.7392,-121.432,''),(1036,'0','Altamont Pass','','Altamont Pass','CA','0','USA','','No Unit Specified','',0,332.5,'',1000,'',37.748,-121.658,''),(1037,'0','Altech I','','Tracy','CA','0','USA','','No Unit Specified','',0,5.76,'',1000,'',37.7397,-121.424,''),(1038,'0','Altech II (East)','','Altamont Pass','CA','0','USA','','No Unit Specified','',0,3.4,'',1000,'',37.2197,-119.769,''),(1039,'0','Altech III (b)','','Palm Springs','CA','0','USA','','No Unit Specified','',0,21.71,'',1000,'',33.9095,-116.734,''),(1040,'0','Amazon Web Services Wind Farm (FKA Fowler Ridge IV)','','','IN','0','USA','','SWT-2.3-108','',0,150,'',1000,'',40.6245,-87.3878,''),(1041,'0','Amazon Wind Farm US Central','','','OH','0','USA','','No Unit Specified','',0,100,'',1000,'',0,0,''),(1042,'0','Amazon Wind Farm US East','','','NC','0','USA','','G114','',0,208,'',1000,'',36.133,-76.41,''),(1043,'0','American Windmill Museum','','Lubbock','TX','0','USA','','V47 - 660 kw','',0,0.66,'',1000,'',33.5809,-101.824,''),(1044,'0','AMP-Ohio/Green Mountain Energy','','Bowling Green','OH','0','USA','','No Unit Specified','',0,3.6,'',1000,'',41.3747,-83.6514,''),(1045,'0','AMP-Ohio/Green Mountain Energy II','','Bowling Green','OH','0','USA','','V80 - 1.8 MW','',0,3.6,'',1000,'',41.3747,-83.6514,''),(1046,'0','Anacacho','15542 Ranch Road 1572','Bracketbille','TX','0','USA','','V100-1.8 MW','',0,99,'',1000,'',29.1905,-100.194,''),(1047,'0','Anderson Wind Project I','','','NM','0','USA','','V82-1.65 MW','',0,5,'',1000,'',33.0294,-103.856,''),(1048,'0','Anderson Wind Project II','','','NM','0','USA','','V100-2.0','',0,10,'',1000,'',33.0139,-103.865,''),(1049,'0','Anheuser Busch','3101 Busch Drive','Fairfield','CA','0','USA','','1.5sle','',0,1.5,'',1000,'',38.2322,-122.093,''),(1050,'0','Anheuser-Busch II','','Fairfield','CA','0','USA','','No Unit Specified','',0,1.6,'',1000,'',38.2323,-122.089,''),(1051,'0','Applied Materials - Varian Semiconductor Division','Blackburn Industrial Park, 35 Dory Road','Gloucester','MA','0','USA','','K100','',0,2.5,'',1000,'',42.6279,-70.6445,''),(1052,'0','Aragonne Mesa','','Pastura','NM','0','USA','','No Unit Specified','',0,90,'',1000,'',34.8189,-105.014,''),(1053,'0','Arbuckle Mountain (FKA Rose Rock Wind Farm)','','','OK','0','USA','','V110-2.0 MW','',0,100,'',1000,'',34.3869,-97.1369,''),(1054,'0','Archbold High School','600 Lafayette Street','Archbold','OH','0','USA','','AW 54-750kW','',0,0.75,'',1000,'',41.5151,-84.3159,''),(1055,'0','Armenia Mountain','','','PA','0','USA','','1.5sle/No Unit Specified','',0,100.5,'',1000,'',41.7649,-77.2865,''),(1056,'0','Arnold','','Wilmont','MN','0','USA','','No Unit Specified','',0,1.65,'',1000,'',43.7647,-95.8269,''),(1057,'0','Ashtabula','','','ND','0','USA','','No Unit Specified','',0,148.5,'',1000,'',47.1297,-97.928,''),(1058,'0','Ashtabula II/Luverne - South Field','','','ND','0','USA','','No Unit Specified','',0,120,'',1000,'',47.0975,-97.9102,''),(1059,'0','Ashtabula III','','','ND','0','USA','','No Unit Specified','',0,62.4,'',1000,'',47.225,-97.8998,''),(1060,'0','Astra Wind (FKA Happy Whiteface Wind)','','','TX','0','USA','','No Unit Specified/No Unit Specified','',0,163,'',1000,'',34.7695,-102.052,''),(1061,'0','Atlantic City Convention & Visitors Authority','','Atlantic City','NJ','0','USA','','','',0,1.5,'',1000,'',39.3642,-74.4233,''),(1062,'0','Autumn Hills LLC','','','MN','0','USA','','V47 - 660 kw','',0,1.9,'',1000,'',44.4131,-96.4325,''),(1063,'0','Auwahi Wind Project','','Ulupalakua','HI','0','USA','','No Unit Specified','',0,21,'',1000,'',20.597,-156.322,''),(1064,'0','B&K Energy Systems LLC','','','MN','0','USA','','','',0,2,'',1000,'',43.6517,-95.3847,''),(1065,'0','Baldwin','','Ecklund ','ND','0','USA','','No Unit Specified','',0,102,'',1000,'',47.1304,-100.684,''),(1066,'0','Balko Wind','','','OK','0','USA','','No Unit Specified','',0,300,'',1000,'',36.5181,-100.847,''),(1067,'0','Banner Wind (Nome)','','Nome','AK','0','USA','','No Unit Specified','',0,1.17,'',1000,'',64.5623,-165.431,''),(1068,'0','Barton','970 410th St','Kensett','IA','0','USA','','No Unit Specified','',0,160,'',1000,'',43.3787,-93.0968,''),(1069,'0','Barton Chapel','6868 Rock Creek Road','Jacksboro','TX','0','USA','','No Unit Specified','',0,120,'',1000,'',33.0594,-98.3331,''),(1070,'0','Bayonne','Oak Street Pumping Station, East Fifth Street','Bayonne','NJ','0','USA','','LTW77','',0,1.5,'',1000,'',40.6772,-74.0919,''),(1071,'0','BC Energy','','Worthington','MN','0','USA','','No Unit Specified','',0,4,'',1000,'',43.62,-95.5961,''),(1072,'0','Bear Creek','1650 Bald Mountain Road','Wilkes-Barre','PA','0','USA','','G87-2.0','',0,24,'',1000,'',41.2426,-75.8773,''),(1073,'0','Beaver Ridge','Sibley Road','Freedom','ME','0','USA','','No Unit Specified','',0,4.5,'',1000,'',44.5303,-69.2983,''),(1074,'0','Beebe Community Wind Farm','','Ithaca','MI','0','USA','','N117/2400/N117/2400','',0,132,'',1000,'',43.2836,-84.6898,''),(1075,'0','Beech Ridge','','Trout','WV','0','USA','','1.5-77','',0,100.5,'',1000,'',38.0789,-80.5205,''),(1076,'0','Beethoven (AKA B&H Wind)','','','SD','0','USA','','No Unit Specified','',0,80,'',1000,'',43.16,-98.08,''),(1077,'0','Belcourt','','Belcourt','ND','0','USA','','V47 - 660 kw','',0,0.66,'',1000,'',0,0,''),(1078,'0','Bennett Creek (Hot Springs)','9505 SE Donetta Dr','Glenns Ferry','ID','0','USA','','No Unit Specified','',0,21,'',1000,'',43.1331,-115.69,''),(1079,'0','Benson Creek Windfarm','','','OR','0','USA','','No Unit Specified','',0,10,'',1000,'',44.3669,-117.344,''),(1080,'0','Bent Tree','','Albert Lea','MN','0','USA','','V82-1.65 MW','',0,201.3,'',1000,'',43.7904,-93.4724,''),(1081,'0','Benton','','','IN','0','USA','','No Unit Specified','',0,130.5,'',1000,'',40.6448,-87.3414,''),(1082,'0','Berkshire','','Hancock','MA','0','USA','','No Unit Specified','',0,15,'',1000,'',42.5431,-73.3242,''),(1083,'0','Berkshire East Ski Resort (Wind)','66 South River Road','Charlemont','MA','0','USA','','PowerWind 56','',0,0.9,'',1000,'',42.625,-72.8725,''),(1084,'0','Berkshire East Ski Resort (Wind)','','','MN','0','USA','','No Unit Specified','',0,0.9,'',1000,'',44.4507,-96.3226,''),(1085,'0','Bethel Wind Energy Facility','','Dimmit','TX','0','USA','','No Unit Specified','',0,277.8,'',1000,'',34.5753,-102.475,''),(1086,'0','Big Blue','','Blue Earth','MN','0','USA','','G97-2.0 MW','',0,36,'',1000,'',43.6449,-93.9878,''),(1087,'0','Big Horn','','','WA','0','USA','','No Unit Specified','',0,199.5,'',1000,'',45.9608,-120.296,''),(1088,'0','Big Horn II','','Bickleton','WA','0','USA','','G87-2.0','',0,50,'',1000,'',45.9981,-120.299,''),(1089,'0','Big Sky','','','IL','0','USA','','S.88-2.1 MW/No Unit Specified','',0,239.4,'',1000,'',41.5992,-89.4561,''),(1090,'0','Big Smile (FKA Dempsey Ridge)','','Cheyenne','OK','0','USA','','G90-2.0','',0,132,'',1000,'',35.5484,-99.8532,''),(1091,'0','Big Spring I','3300 Moss Lake Road','Big Spring','TX','0','USA','','V47 - 660 kw','',0,27.72,'',1000,'',32.253,-101.478,''),(1092,'0','Big Spring II','3300 Moss Lake Road','Big Spring','TX','0','USA','','No Unit Specified','',0,6.6,'',1000,'',32.2075,-101.388,''),(1093,'0','Big Turtle','8661 Sand Beach Rd., Suite B','Harbor Beach','MI','0','USA','','G114-2.0 MW Class IIIA/No Unit Specified','',0,20,'',1000,'',43.8508,-82.7825,''),(1094,'0','Big Turtle II Wind Farm','1715 North Minden Road','Harbor Beach','MI','0','USA','','G114','',0,29.4,'',1000,'',43.8442,-82.7822,''),(1095,'0','Biglow Canyon I','','','OR','0','USA','','No Unit Specified/No Unit Specified/No Unit Specified','',0,125.4,'',1000,'',45.4122,-120.753,''),(1096,'0','Biglow Canyon II','','Wasco','OR','0','USA','','No Unit Specified/No Unit Specified/No Unit Specified','',0,161,'',1000,'',45.6167,-120.62,''),(1097,'0','Biglow Canyon III','','Wasco','OR','0','USA','','No Unit Specified/No Unit Specified/No Unit Specified','',0,163.3,'',1000,'',45.6612,-120.57,''),(1098,'0','BigTop','','Echo','OR','0','USA','','V82-1.65 MW','',0,1.65,'',1000,'',45.6548,-119.465,''),(1099,'0','Bingham','','Blanchard','ME','0','USA','','V112-3.3 MW','',0,184.8,'',1000,'',45.0531,-69.7918,''),(1100,'0','Bingham Lake','','Bingham Lake','MN','0','USA','','No Unit Specified','',0,15,'',1000,'',43.9067,-95.0461,''),(1101,'0','Birch Power','3384 190th St','Clearfield','IA','0','USA','','No Unit Specified','',0,1.7,'',1000,'',40.768,-94.474,''),(1102,'0','Bishop Hill','','','IL','0','USA','','1.5xle/1.6xle/No Unit Specified','',0,201,'',1000,'',41.3611,-90.0747,''),(1103,'0','Bishop Hill II','','Galva','IL','0','USA','','No Unit Specified','',0,81,'',1000,'',41.3611,-90.0747,''),(1104,'0','Bison I','','','ND','0','USA','','SWT 3.0/101/SWT 2.3/82/No Unit Specified','',0,81.8,'',1000,'',46.9853,-101.524,''),(1105,'0','Bison II','','','ND','0','USA','','SWT 3.0/101/No Unit Specified','',0,105,'',1000,'',47.1218,-101.343,''),(1106,'0','Bison III','','','ND','0','USA','','SWT 3.0/101/No Unit Specified','',0,105,'',1000,'',47.1218,-101.343,''),(1107,'0','Bison IV','','New Salem','ND','0','USA','','No Unit Specified','',0,205,'',1000,'',47.0009,-101.742,''),(1108,'0','Bisson','','','MN','0','USA','','','',0,2,'',1000,'',43.9803,-96.2236,''),(1109,'0','Black Mountain Quarry North','','Victorville','CA','0','USA','','No Unit Specified','',0,3,'',1000,'',0,0,''),(1110,'0','Black Oak','','Ashley','MN','0','USA','','V110-2.0 MW','',0,40,'',1000,'',45.6608,-95.0128,''),(1111,'0','Blackburn Industrial Park','Dory Road','Gloucester','MA','0','USA','','No Unit Specified','',0,1.5,'',1000,'',42.628,-70.6442,''),(1112,'0','Blackwell (Cowboy)','West Canteen Road','Blackwell','OK','0','USA','','No Unit Specified','',0,60,'',1000,'',0,0,''),(1113,'0','Bloom Wind Power Project','','Dodge City','KS','0','USA','','V117-3.3 MW','',0,180,'',1000,'',37.4863,-99.9247,''),(1114,'0','Blue Breezes I & II','11751 357th Avenue','Blue Earth','MN','0','USA','','S64-1.25 MW','',0,2.5,'',1000,'',43.6375,-94.1019,''),(1115,'0','Blue Canyon I','','','OK','0','USA','','NM72/No Unit Specified','',0,74.25,'',1000,'',34.8521,-98.5788,''),(1116,'0','Blue Canyon II','','Lawton','OK','0','USA','','V80 - 1.8 MW','',0,151.2,'',1000,'',34.844,-98.4979,''),(1117,'0','Blue Canyon V','','Elgin','OK','0','USA','','1.5sle','',0,99,'',1000,'',34.8318,-98.5085,''),(1118,'0','Blue Canyon VI','3019 State Highway 19','Carnegie','OK','0','USA','','No Unit Specified','',0,99,'',1000,'',35.1056,-98.3088,''),(1119,'0','Blue Creek','','Tully','OH','0','USA','','G90-2.0','',0,304,'',1000,'',40.9336,-84.538,''),(1120,'0','Blue Sky Green Field','','','WI','0','USA','','V82-1.65 MW/No Unit Specified','',0,145.2,'',1000,'',43.7008,-88.2461,''),(1121,'0','Blue Summit','','Vernon','TX','0','USA','','No Unit Specified','',0,135.4,'',1000,'',34.29,-99.3647,''),(1122,'0','Bluegrass Ridge','4288 480th Road','King City','MO','0','USA','','S.88-2.1 MW','',0,3.65,'',1000,'',40.0879,-94.4916,''),(1123,'0','Bluestem','','','OK','0','USA','','V117-3.3 MW','',0,198,'',1000,'',36.5522,-100.588,''),(1124,'0','Bluff Point Wind Energy Center','','Pike','IN','0','USA','','No Unit Specified','',0,120,'',1000,'',40.5015,-85.2208,''),(1125,'0','Bobcat Bluff','','','TX','0','USA','','No Unit Specified','',0,150,'',1000,'',33.4931,-98.5819,''),(1126,'0','Boeve','','Woodstock','MN','0','USA','','No Unit Specified','',0,2,'',1000,'',43.9965,-96.0537,''),(1127,'0','Boom-Campbell Wind Farm','','Tehachapi','CA','0','USA','','','',0,14,'',1000,'',0,0,''),(1128,'0','Bordas Wind Energy - South Texas','','Freeport','TX','0','USA','','','',0,250,'',1000,'',0,0,''),(1129,'0','Border Winds I','','Rolla','ND','0','USA','','V100-2.0','',0,150,'',1000,'',48.8578,-99.6175,''),(1130,'0','Boulder 1A','','Boulder','CO','0','USA','','','',0,3,'',1000,'',39.91,-105.221,''),(1131,'0','Bowling Green','','Bowling Green','OH','0','USA','','No Unit Specified','',0,20,'',1000,'',41.396,-83.582,''),(1132,'0','Brady Wind Energy Center (FKA Dickinson)','','Schefield','ND','0','USA','','No Unit Specified','',0,149.7,'',1000,'',46.6465,-102.765,''),(1133,'0','Brady Wind II','','','ND','0','USA','','No Unit Specified','',0,149,'',1000,'',46.6115,-102.788,''),(1134,'0','Brahms Wind - Grady (FKA Curry)','Curry Road 34 & Curry Road Q','Grady','NM','0','USA','','V82-1.65 MW','',0,19.8,'',1000,'',34.747,-103.325,''),(1135,'0','Brazos Wind Farm','','Snyder','TX','0','USA','','MHI 1000A','',0,160,'',1000,'',32.7261,-100.79,''),(1136,'0','Breckinridge (FKA Chisholm View Phase II)','','Breckenridge','OK','0','USA','','1.7-103','',0,98.8,'',1000,'',36.4561,-97.6974,''),(1137,'0','Breezy Bucks I','','','MN','0','USA','','No Unit Specified','',0,1.3,'',1000,'',44.3197,-96.3317,''),(1138,'0','Breezy Bucks II','','','MN','0','USA','','No Unit Specified','',0,1.3,'',1000,'',44.3144,-96.3317,''),(1139,'0','Brewster','80442 350th ave','Brewster','MN','0','USA','','S64-1.25 MW','',0,5.7,'',1000,'',43.6986,-95.4683,''),(1140,'0','Brewster','','Brewster','MN','0','USA','','No Unit Specified','',0,2.1,'',1000,'',0,0,''),(1141,'0','Briscoe Wind Farm','','','TX','0','USA','','No Unit Specified','',0,150,'',1000,'',34.3713,-101.295,''),(1142,'0','Broadview Energy','','Broadview','NM','0','USA','','SWT-2.3-108','',0,324.3,'',1000,'',34.7342,-103.108,''),(1143,'0','Broken Bow','','Broken Bow','NE','0','USA','','No Unit Specified','',0,80,'',1000,'',41.493,-99.6339,''),(1144,'0','Broken Bow II','','Broken Bow','NE','0','USA','','No Unit Specified','',0,75,'',1000,'',41.4019,-99.6389,''),(1145,'0','Brookfield (FKA Pheasant Run II)','','Winsor','MI','0','USA','','No Unit Specified','',0,75,'',1000,'',43.778,-83.3058,''),(1146,'0','Brown County','','Mount Sterling','IL','0','USA','','No Unit Specified','',0,1.5,'',1000,'',39.9733,-90.6992,''),(1147,'0','Buckeye','','','KS','0','USA','','1.7-100','',0,200,'',1000,'',39.0039,-99.4142,''),(1148,'0','Buena Vista','','Altamont Pass','CA','0','USA','','No Unit Specified','',0,38,'',1000,'',37.2197,-119.769,''),(1149,'0','Buffalo Bear','','Harper','OK','0','USA','','No Unit Specified','',0,18.9,'',1000,'',36.7804,-99.6699,''),(1150,'0','Buffalo Center Wind Farm','','St. Ansgar','IA','0','USA','','No Unit Specified','',0,1.5,'',1000,'',43.3858,-92.7594,''),(1151,'0','Buffalo Dunes','','','KS','0','USA','','No Unit Specified','',0,250,'',1000,'',37.6773,-101.106,''),(1152,'0','Buffalo Gap II','','','TX','0','USA','','No Unit Specified/No Unit Specified','',0,233,'',1000,'',32.2944,-100.155,''),(1153,'0','Buffalo Gap III','','','TX','0','USA','','No Unit Specified','',0,170,'',1000,'',32.265,-100.236,''),(1154,'0','Buffalo Gap Wind Farm','','','TX','0','USA','','No Unit Specified','',0,120.6,'',1000,'',32.3106,-100.149,''),(1155,'0','Buffalo Mountain','','','TN','0','USA','','','',0,0.6,'',1000,'',36.0444,-84.3444,''),(1156,'0','Buffalo Mountain II','','Oliver Springs','TN','0','USA','','V80 - 1.8 MW','',0,27,'',1000,'',36.0444,-84.3444,''),(1157,'0','Buffalo Ridge','','White','SD','0','USA','','No Unit Specified','',0,50.4,'',1000,'',44.3362,-96.4801,''),(1158,'0','Buffalo Ridge','','','MN','0','USA','','No Unit Specified','',0,25.99,'',1000,'',44.2168,-96.2372,''),(1159,'0','Buffalo Ridge II','','','SD','0','USA','','G87-2.0','',0,210,'',1000,'',44.5048,-96.6011,''),(1160,'0','Bull Creek','','Gail','TX','0','USA','','MWT62/1.0','',0,180,'',1000,'',32.9134,-101.583,''),(1161,'0','Bull Hill (Blue Sky East)','Bull Hill','','ME','0','USA','','No Unit Specified/V100-1.8 MW','',0,34.2,'',1000,'',44.7264,-68.1739,''),(1162,'0','Bulldog','','Orient','IA','0','USA','','No Unit Specified','',0,1.5,'',1000,'',41.2031,-94.4144,''),(1163,'0','Bureau Valley School District','Bureau Valley High School, 9154 2125 North Street','Manilus','IL','0','USA','','No Unit Specified','',0,0.66,'',1000,'',41.4533,-89.6782,''),(1164,'0','Burley Butte','228 S. 600 W.','Burley','ID','0','USA','','No Unit Specified','',0,19.5,'',1000,'',42.5358,-113.792,''),(1165,'0','Busch Ranch','','','CO','0','USA','','No Unit Specified','',0,29,'',1000,'',37.6126,-104.939,''),(1166,'0','Butler Ridge','','Mayville','WI','0','USA','','No Unit Specified','',0,54,'',1000,'',43.424,-88.473,''),(1167,'0','Butter Creek Power','','Echo','OR','0','USA','','V82-1.65 MW','',0,4.95,'',1000,'',45.7017,-119.422,''),(1168,'0','Byron','','','WI','0','USA','','V47 - 660 kw','',0,1.32,'',1000,'',43.6925,-88.3629,''),(1169,'0','C.W.E.S. I','','Altamont Pass','CA','0','USA','','No Unit Specified','',0,1.08,'',1000,'',37.2197,-119.769,''),(1170,'0','Cabazon','','San Gorgonio','CA','0','USA','','No Unit Specified','',0,38.9,'',1000,'',33.9385,-116.626,''),(1171,'0','Cabazon','','Palm Springs','CA','0','USA','','No Unit Specified','',0,41,'',1000,'',33.8303,-116.544,''),(1172,'0','Cadillac','','Cadillac','MI','0','USA','','','',0,15,'',1000,'',44.2519,-85.4011,''),(1173,'0','Calhoun County - R49','','','IA','0','USA','','','',0,12,'',1000,'',0,0,''),(1174,'0','California Ridge','','Ogden','IL','0','USA','','1.6-100','',0,214,'',1000,'',40.2426,-87.8392,''),(1175,'0','Callahan Divide','','Abilene','TX','0','USA','','No Unit Specified','',0,114,'',1000,'',32.2455,-99.8125,''),(1176,'0','Camelot Industrial Park','135 Camelot Drive','Plymouth','MA','0','USA','','A-1650','',0,1.65,'',1000,'',41.9282,-70.6479,''),(1177,'0','Cameron Ridge','','Tehachapi','CA','0','USA','','No Unit Specified','',0,60,'',1000,'',35.1322,-118.448,''),(1178,'0','Cameron Ridge','','Tehachapi','CA','0','USA','','No Unit Specified','',0,64,'',1000,'',35.1322,-118.448,''),(1179,'0','Cameron Wind','Farm-to-Market Road 1847','Brownsville','TX','0','USA','','No Unit Specified','',0,165,'',1000,'',26.2165,-97.492,''),(1180,'0','Camp Grove','','','IL','0','USA','','1.5-77','',0,150,'',1000,'',41.0713,-89.6239,''),(1181,'0','Camp Reed','9950 S. Windmill Way','King Hill','ID','0','USA','','No Unit Specified','',0,22.5,'',1000,'',42.8122,-114.898,''),(1182,'0','Camp Springs I','County Road 146','','TX','0','USA','','1.5sle','',0,130.5,'',1000,'',32.7512,-100.746,''),(1183,'0','Camp Springs II','1702-4418 County Road 146','Snyder','TX','0','USA','','1.5sle','',0,120,'',1000,'',32.7477,-100.809,''),(1184,'0','Camp William Utah National Guard','','Riverton','UT','0','USA','','No Unit Specified/No Unit Specified','',0,0.89,'',1000,'',40.5219,-111.938,''),(1185,'0','Campbell County','','','SD','0','USA','','1.7-103','',0,98,'',1000,'',45.7533,-100.275,''),(1186,'0','Campbell Hill','','Casper','WY','0','USA','','No Unit Specified','',0,99,'',1000,'',43.0145,-105.999,''),(1187,'0','Canadian Hills','12110 Edmond Rd NW','El Reno','OK','0','USA','','MM92/MWT102-2.4/No Unit Specified','',0,300,'',1000,'',35.652,-98.108,''),(1188,'0','Caney River','','Howard','KS','0','USA','','V90-1.8 MW','',0,200,'',1000,'',37.3911,-96.4491,''),(1189,'0','Cannon','','Tehachapi','CA','0','USA','','No Unit Specified','',0,18,'',1000,'',35.1322,-118.448,''),(1190,'0','Cannon I & II','','Waverly','IA','0','USA','','No Unit Specified','',0,0.9,'',1000,'',42.7317,-92.4711,''),(1191,'0','Cape Cod Air Force Station - 6 SWS','','Bourne','MA','0','USA','','','',0,3.4,'',1000,'',41.7525,-70.5389,''),(1192,'0','Capricorn Ridge Wind','','','TX','0','USA','','No Unit Specified/No Unit Specified','',0,662.5,'',1000,'',31.9222,-100.96,''),(1193,'0','Caprock Wind Ranch','','','NM','0','USA','','MWT-1000 A','',0,80,'',1000,'',34.9812,-103.354,''),(1194,'0','Carleton College','','Northfield','MN','0','USA','','No Unit Specified','',0,1.65,'',1000,'',44.4583,-93.1614,''),(1195,'0','Carousel Wind Farm','','Kit Carson','CO','0','USA','','1.7-100','',0,149.7,'',1000,'',39.359,-103.303,''),(1196,'0','Carroll','','','IA','0','USA','','No Unit Specified','',0,150,'',1000,'',42.878,-94.0977,''),(1197,'0','Carroll Area','','Carroll','IA','0','USA','','No Unit Specified','',0,20.7,'',1000,'',41.9414,-94.8861,''),(1198,'0','Carstensen Wind (West Pipestone Projects)','','Pipestone','MN','0','USA','','No Unit Specified','',0,1.65,'',1000,'',44.021,-96.433,''),(1199,'0','Case Western Reserve University - Wind','2061 Cornell Rd','Cleveland','OH','0','USA','','No Unit Specified','',0,1.325,'',1000,'',41.5024,-81.6055,''),(1200,'0','Cashton Greens','Organic Valley Distribution Center, 30163 Wisconsin 27','Cashton','WI','0','USA','','No Unit Specified','',0,4.99,'',1000,'',43.7283,-90.8013,''),(1201,'0','Casper','','Casper','WY','0','USA','','No Unit Specified','',0,16.5,'',1000,'',42.919,-106.171,''),(1202,'0','Casselman','','','PA','0','USA','','1.5-77','',0,34.5,'',1000,'',40.0225,-78.9288,''),(1203,'0','Cassia Gulch','6075 North 100 East','Boise','ID','0','USA','','No Unit Specified','',0,29.4,'',1000,'',42.8744,-115.017,''),(1204,'0','Cassia Wind','','','ID','0','USA','','No Unit Specified','',0,10.5,'',1000,'',42.8444,-115.037,''),(1205,'0','CCC Hastings Wind Turbine','','','NE','0','USA','','No Unit Specified','',0,1.7,'',1000,'',40.57,-98.334,''),(1206,'0','Cedar Bluff','','','KS','0','USA','','1.7-100','',0,200,'',1000,'',38.6976,-99.7293,''),(1207,'0','Cedar Creek','','Grover','CO','0','USA','','No Unit Specified/MHI 1000A','',0,300.5,'',1000,'',40.9254,-104.112,''),(1208,'0','Cedar Creek II','','New Raymer','CO','0','USA','','1.5sle/N90-2.5','',0,250.8,'',1000,'',40.6067,-103.843,''),(1209,'0','Cedar Hills','','Rhame','ND','0','USA','','No Unit Specified','',0,19.5,'',1000,'',46.2409,-103.784,''),(1210,'0','Cedar Point','','','CO','0','USA','','V90-1.8 MW/No Unit Specified','',0,252.2,'',1000,'',39.4218,-103.678,''),(1211,'0','Cedar Ridge','','Eden','WI','0','USA','','No Unit Specified','',0,68,'',1000,'',43.6936,-88.3608,''),(1212,'0','Cedro Hill','','Bruni','TX','0','USA','','No Unit Specified/No Unit Specified','',0,150,'',1000,'',27.8825,-98.6175,''),(1213,'0','CEMEX Quarry','','Madison','CA','0','USA','','No Unit Specified','',0,1,'',1000,'',0,0,''),(1214,'0','Centennial','','','OK','0','USA','','No Unit Specified','',0,120,'',1000,'',36.6394,-99.6054,''),(1215,'0','Central Plains','','','KS','0','USA','','V90-3.0MW','',0,99,'',1000,'',38.5103,-101.434,''),(1216,'0','Century','','','IA','0','USA','','No Unit Specified/No Unit Specified','',0,200,'',1000,'',42.7274,-93.6623,''),(1217,'0','Cerro Gordo (Hawkeye)','','Clear Lake','IA','0','USA','','No Unit Specified','',0,41.3,'',1000,'',43.1381,-93.3792,''),(1218,'0','CG Wind','','','MN','0','USA','','','',0,2,'',1000,'',43.9931,-96.2186,''),(1219,'0','Chamberlain','','Chamberlain','SD','0','USA','','No Unit Specified','',0,2.6,'',1000,'',43.8108,-99.3303,''),(1220,'0','Champepadan','','Chandler','MN','0','USA','','V47 - 660 kw','',0,2,'',1000,'',43.913,-95.9783,''),(1221,'0','Champion (Roscoe II)','','','TX','0','USA','','No Unit Specified','',0,126.5,'',1000,'',32.3862,-100.617,''),(1222,'0','Chanarambie','','','MN','0','USA','','No Unit Specified','',0,85.5,'',1000,'',44.0141,-96.0527,''),(1223,'0','Chandler','','Buffalo Ridge','MN','0','USA','','V47 - 660 kw','',0,1.98,'',1000,'',43.6078,-96.8869,''),(1224,'0','Chandler II','','Chandler','MN','0','USA','','No Unit Specified','',0,1.98,'',1000,'',43.9292,-95.9469,''),(1225,'0','Chapman Ranch Wind I','','Chapman Ranch','TX','0','USA','','No Unit Specified','',0,249,'',1000,'',27.5925,-97.5008,''),(1226,'0','Charles City','','Charles City','IA','0','USA','','No Unit Specified','',0,75,'',1000,'',43.0664,-92.6722,''),(1227,'0','Chestnut Flats','','Logan','PA','0','USA','','G87-2.0/G90-2.0','',0,38,'',1000,'',40.8167,-78.8678,''),(1228,'0','CHI','','','MN','0','USA','','V47 - 660 kw','',0,30.36,'',1000,'',0,0,''),(1229,'0','Chisholm View','','','OK','0','USA','','No Unit Specified','',0,300,'',1000,'',36.5747,-97.6736,''),(1230,'0','Chopin Wind','','Milton-Freewater','OR','0','USA','','No Unit Specified','',0,10,'',1000,'',45.88,-118.463,''),(1231,'0','Cimarron Bend','','Minneola','KS','0','USA','','No Unit Specified','',0,400,'',1000,'',37.355,-99.991,''),(1232,'0','Cimarron I','','','KS','0','USA','','SWT 2.3/82','',0,165.6,'',1000,'',37.8482,-100.307,''),(1233,'0','Cimarron II','','','KS','0','USA','','No Unit Specified','',0,131.1,'',1000,'',37.9013,-100.372,''),(1234,'0','Cirrus I','','','TX','0','USA','','3600','',0,61.5,'',1000,'',33.0331,-101.688,''),(1235,'0','Cisco Wind Energy','78670 350th Avenue','Round Lake','MN','0','USA','','S.88-2.1 MW','',0,8.4,'',1000,'',43.62,-95.5961,''),(1236,'0','City of Soledad California - Wastewater Treatment Center','','Soledad','CA','0','USA','','No Unit Specified','',0,1,'',1000,'',36.4211,-121.34,''),(1237,'0','Clark Wind Farm (AKA Oak Tree Wind Farm)','42563 168th Street','Clark','SD','0','USA','','No Unit Specified','',0,19.5,'',1000,'',44.8831,-97.7182,''),(1238,'0','Clay High School','','Oregon','OH','0','USA','','No Unit Specified/PowerWind 500','',0,0.9,'',1000,'',41.6436,-83.4869,''),(1239,'0','Cleveland Manufacturing Facility','','Euclid','OH','0','USA','','No Unit Specified/K100','',0,2.5,'',1000,'',41.5931,-81.5269,''),(1240,'0','Coastal Energy','','Grayland','WA','0','USA','','1.5sle','',0,6,'',1000,'',46.8103,-124.092,''),(1241,'0','Cohocton/Dutch Hill','10535 Rynders Road','Cohocton','NY','0','USA','','No Unit Specified','',0,125,'',1000,'',42.511,-77.4388,''),(1242,'0','Colbeck\'s Corner (AKA Grandview II)','','','TX','0','USA','','No Unit Specified','',0,200.48,'',1000,'',35.3356,-101.151,''),(1243,'0','Cold Springs','','','OR','0','USA','','No Unit Specified','',0,23,'',1000,'',45.4514,-119.624,''),(1244,'0','Colorado Green','','','CO','0','USA','','No Unit Specified','',0,162,'',1000,'',37.6931,-102.652,''),(1245,'0','Colorado Highlands','','Sterling','CO','0','USA','','1.7-100/1.6-100','',0,91,'',1000,'',40.7401,-102.746,''),(1246,'0','Combine Hills','','Milton-Freewater','OR','0','USA','','MWT-1000 A','',0,41,'',1000,'',45.9493,-118.621,''),(1247,'0','Combine Hills II','','','OR','0','USA','','No Unit Specified','',0,63,'',1000,'',46.0084,-118.747,''),(1248,'0','Community Wind North','','Verdi','MN','0','USA','','No Unit Specified','',0,30,'',1000,'',44.2086,-96.3519,''),(1249,'0','Community Wind South','','Summit Lake','MN','0','USA','','MM92','',0,30.75,'',1000,'',43.7136,-95.8028,''),(1250,'0','Conception','33513 State Hwy J','Stanberry','MO','0','USA','','S.88-2.1 MW','',0,50.4,'',1000,'',40.285,-94.4751,''),(1251,'0','Condon','','','OR','0','USA','','No Unit Specified','',0,49.8,'',1000,'',45.2852,-120.272,''),(1252,'0','Conneaut','Conneaut Middle School','Conneaut','OH','0','USA','','T400-34/T600-48','',0,0.6,'',1000,'',41.9475,-80.5544,''),(1253,'0','Cooper Farms','13274 Convoy Road','Van Wert','OH','0','USA','','No Unit Specified','',0,4.5,'',1000,'',40.9148,-84.5668,''),(1254,'0','Coram - Tehachapi','Cameron Canyon Road','Tehachapi','CA','0','USA','','No Unit Specified/No Unit Specified','',0,11.6,'',1000,'',35.0809,-118.329,''),(1255,'0','Coram Energy (Aeroman repower)','Cameron Canyon Road','Tehachapi','CA','0','USA','','No Unit Specified','',0,15,'',1000,'',35.1322,-118.448,''),(1256,'0','Cotton Plains Wind','','','TX','0','USA','','No Unit Specified','',0,50.4,'',1000,'',34.0603,-101.188,''),(1257,'0','Courtenay Wind Farm','','Courtenay','ND','0','USA','','V100-2.0','',0,200,'',1000,'',47.2153,-98.5784,''),(1258,'0','Cow Branch','21225 US Highway 136','Tarkio','MO','0','USA','','S.88-2.1 MW','',0,50.4,'',1000,'',40.4377,-95.3201,''),(1259,'0','CP Windfarm','36003 State Highway 109','Winnebago','MN','0','USA','','No Unit Specified','',0,4.2,'',1000,'',43.7604,-94.1477,''),(1260,'0','Crane Creek','','','IA','0','USA','','No Unit Specified','',0,99,'',1000,'',43.382,-92.3814,''),(1261,'0','Crescent Ridge Wind Farm','6250 1475 East Street','Tiskilwa','IL','0','USA','','V82-1.65 MW','',0,54.45,'',1000,'',41.2384,-89.5726,''),(1262,'0','Crisfield Sewage Treatment','Crisfield Sewage Treatment, North 7th Street & Dixon Street','Crisfield','MD','0','USA','','AW 54-750kW','',0,0.75,'',1000,'',37.9828,-75.8581,''),(1263,'0','Criterion','1295 Eagle Rock Road','Oakland','MD','0','USA','','Liberty 2.5 C93/No Unit Specified','',0,70,'',1000,'',39.338,-79.3754,''),(1264,'0','Crofton Bluffs','','Crofton','NE','0','USA','','No Unit Specified','',0,42,'',1000,'',41.394,-99.7267,''),(1265,'0','Crosby County (Pleasant Hill)','','Lorenzo','TX','0','USA','','No Unit Specified','',0,20,'',1000,'',33.7137,-101.434,''),(1266,'0','Crossroads','','','OK','0','USA','','SWT 3.0/101/SWT 2.3/82','',0,227.5,'',1000,'',36.0892,-98.7645,''),(1267,'0','Crosswinds','','','IA','0','USA','','No Unit Specified','',0,21,'',1000,'',43.1581,-94.645,''),(1268,'0','Crow Lake (PrairieWinds SD 1)','','','SD','0','USA','','No Unit Specified','',0,162,'',1000,'',44.0365,-98.6161,''),(1269,'0','Crystal Lake I','','','IA','0','USA','','No Unit Specified/No Unit Specified','',0,150,'',1000,'',43.2211,-93.8408,''),(1270,'0','Crystal Lake II','','','IA','0','USA','','No Unit Specified/No Unit Specified','',0,200,'',1000,'',43.304,-93.8506,''),(1271,'0','Crystal Lake III','','','IA','0','USA','','No Unit Specified/No Unit Specified','',0,66,'',1000,'',43.3482,-93.6623,''),(1272,'0','Cumberland Rose','','Orient','IA','0','USA','','1.6 - 82.5','',0,1.6,'',1000,'',41.2269,-94.4347,''),(1273,'0','Danielson Wind Farm','51494 220th Street','Atwater','MN','0','USA','','ECO 86','',0,19.8,'',1000,'',45.0662,-94.7322,''),(1274,'0','DanMar I','','Pipestone','MN','0','USA','','No Unit Specified','',0,18,'',1000,'',44.0006,-96.3172,''),(1275,'0','DanMar II','','West Pipestone','MN','0','USA','','No Unit Specified','',0,8.25,'',1000,'',43.6506,-96.5697,''),(1276,'0','Dante Wind 1','','Mason City','IA','0','USA','','No Unit Specified','',0,2,'',1000,'',43.138,-93.11,''),(1277,'0','Dante Wind 2','','Mason City','IA','0','USA','','No Unit Specified','',0,2,'',1000,'',43.135,-93.109,''),(1278,'0','Dante Wind 3','','Mason City','IA','0','USA','','No Unit Specified','',0,2,'',1000,'',43.099,-93.228,''),(1279,'0','Dante Wind 4','','Mason City','IA','0','USA','','No Unit Specified','',0,2,'',1000,'',43.103,-93.228,''),(1280,'0','Dante Wind 5','','Mason City','IA','0','USA','','No Unit Specified','',0,2,'',1000,'',43.096,-93.235,''),(1281,'0','Dante Wind 6','','Fairbank','IA','0','USA','','No Unit Specified','',0,2,'',1000,'',42.65,-92.015,''),(1282,'0','Day County','','Groton','SD','0','USA','','No Unit Specified','',0,99,'',1000,'',45.4475,-98.0983,''),(1283,'0','Deerfield','','','MI','0','USA','','No Unit Specified','',0,150,'',1000,'',43.9419,-82.8987,''),(1284,'0','DeLauri Sewer Pump Station - Charlestown','DeLauri Pump Station, 192 Alford St.','Everett','MA','0','USA','','No Unit Specified','',0,1.5,'',1000,'',42.4045,-71.0656,''),(1285,'0','Delaware Mountain','','','TX','0','USA','','No Unit Specified','',0,30,'',1000,'',31.6707,-104.74,''),(1286,'0','Delta','','Delta Junction','AK','0','USA','','No Unit Specified','',0,25.6,'',1000,'',64.026,-145.59,''),(1287,'0','Dermott Wind 1 (AKA Amazon Wind Farm Texas)','','','TX','0','USA','','No Unit Specified','',0,253,'',1000,'',32.8638,-100.975,''),(1288,'0','Desert Sky (Indian Mesa II)','','Iraan','TX','0','USA','','No Unit Specified','',0,160.5,'',1000,'',30.923,-102.112,''),(1289,'0','Diablo Wind','','','CA','0','USA','','V47 - 660 kw','',0,20.5,'',1000,'',37.729,-121.563,''),(1290,'0','Diamond Willow I','','Baker','MT','0','USA','','No Unit Specified','',0,19.5,'',1000,'',46.9842,-104.24,''),(1291,'0','Diamond Willow II','','Baker','MT','0','USA','','No Unit Specified','',0,10.5,'',1000,'',46.3669,-104.284,''),(1292,'0','DifWind Farms LTD VI','','Mojave','CA','0','USA','','No Unit Specified','',0,27.108,'',1000,'',35.061,-118.265,''),(1293,'0','Difwind I - IX','','','CA','0','USA','','No Unit Specified/No Unit Specified/No Unit Specified/No Unit Specified','',0,117.1,'',1000,'',0,0,''),(1294,'0','Dillon','','North Palm Springs','CA','0','USA','','No Unit Specified','',0,45,'',1000,'',33.9228,-116.542,''),(1295,'0','Dispersed Project','','','MN','0','USA','','No Unit Specified','',0,5.94,'',1000,'',44.4507,-96.3226,''),(1296,'0','Dispersed Wind','','','MN','0','USA','','V47 - 660 kw','',0,30.37,'',1000,'',0,0,''),(1297,'0','Dodge County - G171','','','MN','0','USA','','','',0,14,'',1000,'',0,0,''),(1298,'0','DOE/SNL Scaled Wind Farm (SWiFT)','','Lubbock','TX','0','USA','','V27','',0,0.9,'',1000,'',33.609,-102.049,''),(1299,'0','Don Sneve','','Hendricks/ Lincoln County','MN','0','USA','','No Unit Specified','',0,0.95,'',1000,'',46.487,-94.0718,''),(1300,'0','Drift Sand Wind Farm','','','OK','0','USA','','No Unit Specified','',0,109.8,'',1000,'',34.8278,-97.9572,''),(1301,'0','Dry Lake','','','AZ','0','USA','','S.88-2.1 MW','',0,63,'',1000,'',34.6385,-110.315,''),(1302,'0','Dry Lake II','','','AZ','0','USA','','S.88-2.1 MW','',0,65.1,'',1000,'',34.6062,-110.173,''),(1303,'0','Dumas Wind','','Dumas','TX','0','USA','','','',0,50,'',1000,'',0,0,''),(1304,'0','Dunlap I','','','WY','0','USA','','1.5sle','',0,111,'',1000,'',41.6032,-106.912,''),(1305,'0','Durbin Creek','','','OR','0','USA','','No Unit Specified','',0,10,'',1000,'',44.3531,-117.323,''),(1306,'0','Dutch Pacific','','San Gorgonio','CA','0','USA','','No Unit Specified','',0,10,'',1000,'',34.1006,-116.828,''),(1307,'0','Eagle Hill School','242 Old Petersham Rd.','Hardwick','MA','0','USA','','','',0,0.6,'',1000,'',42.3636,-72.2016,''),(1308,'0','East Ridge','','Chandler','MN','0','USA','','S64-1.25 MW','',0,10,'',1000,'',43.9292,-95.9469,''),(1309,'0','East Winds (FKA Altech III)','','San Gorgonio Pass','CA','0','USA','','No Unit Specified','',0,3,'',1000,'',37.2197,-119.769,''),(1310,'0','Eastern San Diego County','','San Diego','CA','0','USA','','No Unit Specified','',0,50,'',1000,'',32.7153,-117.156,''),(1311,'0','Eastwind','','Desert Hot Springs','CA','0','USA','','No Unit Specified/No Unit Specified','',0,3,'',1000,'',33.894,-116.55,''),(1312,'0','Echo (1-7)','','Hermiston','OR','0','USA','','V82-1.65 MW','',0,44.55,'',1000,'',45.8406,-119.288,''),(1313,'0','Echo (8-9)','','Echo','OR','0','USA','','MM92','',0,20,'',1000,'',45.7425,-119.194,''),(1314,'0','Eclipse','','','IA','0','USA','','SWT-2.3-108','',0,200.1,'',1000,'',41.5546,-94.685,''),(1315,'0','EcoGrove I','9320 North Baker Road','Lena','IL','0','USA','','AW-82/1500','',0,100.5,'',1000,'',42.423,-89.9051,''),(1316,'0','EDF Renewable Windfarm V, Inc (10 MW)','','Livemore','CA','0','USA','','','',0,10,'',1000,'',38.1167,-121.833,''),(1317,'0','EDF Renewable Windfarm V, Inc (70 MW - B)','','Livemore','CA','0','USA','','','',0,0.7,'',1000,'',38.1167,-121.833,''),(1318,'0','EDF Renewable Windfarm V, Inc (70 MW - C)','','Livemore','CA','0','USA','','','',0,6.5,'',1000,'',38.1167,-121.833,''),(1319,'0','EDF Renewable Windfarm V, Inc (70 MW - D)','','Livemore','CA','0','USA','','','',0,1.5,'',1000,'',38.1167,-121.833,''),(1320,'0','Edgeley/Kulm','','Edgeley','ND','0','USA','','No Unit Specified','',0,61,'',1000,'',0,0,''),(1321,'0','Edom Hills Wind Park','68550 Edom Hill Road','Cathedral City','CA','0','USA','','No Unit Specified','',0,20,'',1000,'',33.8838,-116.454,''),(1322,'0','Elbow Creek','','','TX','0','USA','','No Unit Specified','',0,122,'',1000,'',32.2159,-101.431,''),(1323,'0','Eldora - New Providence Schools','1800 24th Street','Eldora','IA','0','USA','','No Unit Specified','',0,0.75,'',1000,'',42.3548,-93.1158,''),(1324,'0','Electra Wind','','Electra','TX','0','USA','','No Unit Specified','',0,230,'',1000,'',34.1029,-99.1187,''),(1325,'0','Elk','Jet Road','Greeley','IA','0','USA','','N100/2500','',0,41,'',1000,'',42.604,-91.3735,''),(1326,'0','Elk City','','Elk City','OK','0','USA','','No Unit Specified','',0,98.9,'',1000,'',35.4119,-99.4039,''),(1327,'0','Elk City II','','','OK','0','USA','','No Unit Specified/No Unit Specified/No Unit Specified','',0,100.8,'',1000,'',35.6162,-99.6341,''),(1328,'0','Elk River','','Beaumont','KS','0','USA','','No Unit Specified','',0,150,'',1000,'',37.5797,-96.5482,''),(1329,'0','Elkhorn Ridge','','Bloomfield','NE','0','USA','','No Unit Specified','',0,80,'',1000,'',42.6978,-97.6189,''),(1330,'0','Elkhorn Valley','','','OR','0','USA','','V82-1.65 MW','',0,100.65,'',1000,'',45.2334,-118.041,''),(1331,'0','Elm Creek','','Trimont','MN','0','USA','','No Unit Specified/No Unit Specified','',0,99,'',1000,'',43.8017,-94.8292,''),(1332,'0','Elm Creek II','','Trimont','MN','0','USA','','No Unit Specified/No Unit Specified','',0,148.8,'',1000,'',43.6577,-94.9313,''),(1333,'0','Endeavor I & II','','','IA','0','USA','','No Unit Specified','',0,100,'',1000,'',43.4273,-95.4119,''),(1334,'0','Energy Unlimited','','Keasby','CA','0','USA','','No Unit Specified','',0,10,'',1000,'',34.1006,-116.828,''),(1335,'0','Energy Unlimited','','San Gorgonio','CA','0','USA','','No Unit Specified/No Unit Specified/No Unit Specified','',0,14.5,'',1000,'',34.1006,-116.828,''),(1336,'0','Ensign','','','KS','0','USA','','No Unit Specified','',0,98.9,'',1000,'',37.6145,-100.279,''),(1337,'0','enXco IV','','','CA','0','USA','','','',0,18.7,'',1000,'',0,0,''),(1338,'0','enXco V Repower Wind Project','','Rio Vista','CA','0','USA','','No Unit Specified/No Unit Specified','',0,9,'',1000,'',38.3105,-121.902,''),(1339,'0','Eolos Wind Energy Research Station','University of Minnesota Outreach, Research and Education Park','Rosemount','MN','0','USA','','No Unit Specified','',0,2.5,'',1000,'',44.7283,-93.0481,''),(1340,'0','Erie School District','520 5th Ave.','Erie','IL','0','USA','','','',0,1.2,'',1000,'',41.6476,-90.0792,''),(1341,'0','ESI Project','14740 Altamont Pass Road','Tracy','CA','0','USA','','No Unit Specified','',0,1.32,'',1000,'',37.2197,-119.769,''),(1342,'0','EUIPH Wind Farm','','Desert Hot Springs','CA','0','USA','','No Unit Specified','',0,25.535,'',1000,'',33.931,-116.63,''),(1343,'0','Eva Creek','','Ferry','AK','0','USA','','MM92','',0,24.6,'',1000,'',64.0042,-149.122,''),(1344,'0','Eve','','','IL','0','USA','','No Unit Specified','',0,2.5,'',1000,'',0,0,''),(1345,'0','Ewington','','Worthington','MN','0','USA','','No Unit Specified','',0,21,'',1000,'',43.62,-95.5961,''),(1346,'0','Exelon Wind 9 (FKA JD Wind 9)','11572 Texas Beef Road','Sunray','TX','0','USA','','No Unit Specified','',0,9.8,'',1000,'',35.9614,-101.803,''),(1347,'0','F.E. Warren Air Force Base','','Cheyenne','WY','0','USA','','No Unit Specified','',0,1.32,'',1000,'',41.14,-104.82,''),(1348,'0','F.E. Warren Air Force Base','','Cheyenne','WY','0','USA','','No Unit Specified','',0,2,'',1000,'',0,0,''),(1349,'0','Fair Wind','Backbone Mountain','Oakland','MD','0','USA','','N100/2500','',0,30,'',1000,'',39.3242,-79.3886,''),(1350,'0','Fairfield (Teton County) Wind Farm','Township 23N','','MT','0','USA','','1.6xle','',0,10,'',1000,'',47.8171,-112.213,''),(1351,'0','Fairhaven','Phoenix Rail-Trail','Fairhaven','MA','0','USA','','No Unit Specified','',0,3,'',1000,'',41.639,-70.8734,''),(1352,'0','Fairmont I & II','','Fairmont','MN','0','USA','','','',0,5.2,'',1000,'',43.575,-94.4467,''),(1353,'0','Falmouth - Wind I','Blacksmith Shop Road','Falmouth','MA','0','USA','','V82-1.65 MW','',0,1.65,'',1000,'',41.6001,-70.6357,''),(1354,'0','Falmouth - Wind II','Blacksmith Shop Road','Falmouth','MA','0','USA','','V82-1.65 MW','',0,1.65,'',1000,'',41.6001,-70.6357,''),(1355,'0','Farmers City','','Tarkio','MO','0','USA','','No Unit Specified','',0,146,'',1000,'',40.4403,-95.3775,''),(1356,'0','Farmers\' Coops','','','MN','0','USA','','No Unit Specified','',0,22.8,'',1000,'',46.7296,-94.6859,''),(1357,'0','Farmer\'s Coops (Christoffer)','','Jackson County','MN','0','USA','','No Unit Specified','',0,5.7,'',1000,'',0,0,''),(1358,'0','Federated','','','MN','0','USA','','No Unit Specified','',0,2.1,'',1000,'',46.487,-94.0718,''),(1359,'0','Fenner','5508 Bellinger Road','Cazenovia','NY','0','USA','','No Unit Specified','',0,30,'',1000,'',42.9894,-75.7629,''),(1360,'0','Fenton','','','MN','0','USA','','No Unit Specified','',0,205.5,'',1000,'',43.8935,-95.9369,''),(1361,'0','Fey Wind','','','MN','0','USA','','','',0,1.9,'',1000,'',44.0364,-96.0736,''),(1362,'0','Findlay Wind Farm','','Findlay','OH','0','USA','','87/1500','',0,7.5,'',1000,'',41.1012,-83.6444,''),(1363,'0','Fire Island I','','Turnagain Arm','AK','0','USA','','1.6xle','',0,17.6,'',1000,'',61.1247,-150.262,''),(1364,'0','Flat Ridge','','','KS','0','USA','','No Unit Specified','',0,100,'',1000,'',39.0119,-98.4842,''),(1365,'0','Flat Ridge II','','','KS','0','USA','','1.6-100/No Unit Specified','',0,419,'',1000,'',37.3665,-98.2611,''),(1366,'0','Flat Ridge II Extension','','','KS','0','USA','','No Unit Specified','',0,51.2,'',1000,'',37.3665,-98.2611,''),(1367,'0','Flat Water','63428 702 Road','DuBois','NE','0','USA','','No Unit Specified/No Unit Specified/No Unit Specified','',0,60,'',1000,'',40.0013,-95.8667,''),(1368,'0','Florence Hills LLC','','','MN','0','USA','','V47 - 660 kw','',0,1.9,'',1000,'',44.2297,-96.225,''),(1369,'0','Fluvanna','','','TX','0','USA','','No Unit Specified','',0,155.4,'',1000,'',32.9319,-101.144,''),(1370,'0','Flying Cloud','','Spirit Lake','IA','0','USA','','No Unit Specified','',0,43.5,'',1000,'',43.4222,-95.1019,''),(1371,'0','Foote Creek Rim I','','','WY','0','USA','','No Unit Specified','',0,41.4,'',1000,'',41.6032,-106.912,''),(1372,'0','Foote Creek Rim II','','','WY','0','USA','','No Unit Specified','',0,1.8,'',1000,'',41.6032,-106.912,''),(1373,'0','Foote Creek Rim III','','','WY','0','USA','','No Unit Specified','',0,25,'',1000,'',41.6032,-106.912,''),(1374,'0','Foote Creek Rim IV','','','WY','0','USA','','No Unit Specified','',0,17,'',1000,'',41.6032,-106.912,''),(1375,'0','Forebay Wind','','Tracy','CA','0','USA','','','',0,12.065,'',1000,'',0,0,''),(1376,'0','Forest City High School','','Forest City','IA','0','USA','','No Unit Specified','',0,0.6,'',1000,'',43.2625,-93.6369,''),(1377,'0','Forest Creek','904 N McDonald Road','Big Spring','TX','0','USA','','No Unit Specified','',0,125,'',1000,'',32.1326,-101.457,''),(1378,'0','Fort Hays State University','210th Avenue & Golf Course Road','Hays','KS','0','USA','','V100-2.0 MW VCSS','',0,4,'',1000,'',38.8541,-99.3895,''),(1379,'0','Forward','','','WI','0','USA','','1.5sle','',0,129,'',1000,'',43.6305,-88.5111,''),(1380,'0','Forward','','Shade','PA','0','USA','','S.88-2.1 MW','',0,29.4,'',1000,'',40.1808,-77.8661,''),(1381,'0','Forward Fontanelle Power','','Fontanelle','IA','0','USA','','1.6 - 82.5','',0,1.6,'',1000,'',41.3389,-94.57,''),(1382,'0','Fossil Gulch','500 East 5900 North','Hagerman','ID','0','USA','','No Unit Specified','',0,10.5,'',1000,'',43.4667,-112.033,''),(1383,'0','Foundation Scheid Vineyards','1972 Hobson Avenue','Greenfield','CA','0','USA','','No Unit Specified','',0,1.9,'',1000,'',36.2745,-121.192,''),(1384,'0','Four Corners Windfarm LLC','','Echo','OR','0','USA','','MM92','',0,10,'',1000,'',45.7286,-119.418,''),(1385,'0','Four Mile Canyon Windfarm','','Echo','OR','0','USA','','No Unit Specified','',0,10,'',1000,'',45.6447,-119.453,''),(1386,'0','Fourmile Ridge','Frostburg Road','Frostburg','MD','0','USA','','N100/2500','',0,40,'',1000,'',39.6581,-78.9286,''),(1387,'0','Fowler Ridge I','','','IN','0','USA','','Liberty 2.5 C96/V82-1.65 MW','',0,400,'',1000,'',40.5548,-87.5241,''),(1388,'0','Fowler Ridge II','','','IN','0','USA','','1.5sle/No Unit Specified','',0,199.5,'',1000,'',40.6414,-87.2242,''),(1389,'0','Fox Island','North Haven Rd.','Vinalhaven','ME','0','USA','','No Unit Specified','',0,4.5,'',1000,'',44.0511,-68.841,''),(1390,'0','Franklin County','','','IA','0','USA','','No Unit Specified','',0,100,'',1000,'',42.6067,-93.3364,''),(1391,'0','Frisco','15150 Co Rd 2','Gruver','TX','0','USA','','D8.2','',0,20,'',1000,'',36.265,-101.406,''),(1392,'0','Frontier Windpower','','Blackwell','OK','0','USA','','V126-3.3 MW','',0,199.8,'',1000,'',36.8389,-97.181,''),(1393,'0','Future Generation Wind','','Plymouth','MA','0','USA','','No Unit Specified','',0,8,'',1000,'',41.7744,-70.6158,''),(1394,'0','Gaines Cavern','','Seminole','TX','0','USA','','G97-2.0 MW','',0,2,'',1000,'',32.684,-103.056,''),(1395,'0','Galactic Wind','Highway 12','Verona','WI','0','USA','','No Unit Specified','',0,9.9,'',1000,'',0,0,''),(1396,'0','Galileo Wind 1','','Fairbank','IA','0','USA','','No Unit Specified','',0,2,'',1000,'',42.644,-92.016,''),(1397,'0','Garnet','','Palm Springs','CA','0','USA','','','',0,6.5,'',1000,'',33.9149,-116.603,''),(1398,'0','Garwin McNeilus (Adams Wind Farm)','','Adams','MN','0','USA','','No Unit Specified','',0,24,'',1000,'',43.5368,-92.7186,''),(1399,'0','Garwin McNeilus (Dodge Center Wind Farm)','','','MN','0','USA','','No Unit Specified','',0,43,'',1000,'',43.9785,-92.8511,''),(1400,'0','GE 1.5SLE Prototype','','Tehachapi','CA','0','USA','','No Unit Specified','',0,1.53,'',1000,'',35.0889,-118.37,''),(1401,'0','GE 1.6-100 Prototype','','Tehachapi','CA','0','USA','','No Unit Specified','',0,1.6,'',1000,'',35,-118,''),(1402,'0','Geneseo','S Oakwood Ave','Geneseo','IL','0','USA','','No Unit Specified','',0,3,'',1000,'',41.4262,-90.1526,''),(1403,'0','Geneva','','Geneva','NY','0','USA','','','',0,3.3,'',1000,'',42.8689,-76.9781,''),(1404,'0','Georgia Mountain','','Georgia','VT','0','USA','','No Unit Specified','',0,10,'',1000,'',44.6947,-73.0301,''),(1405,'0','Getty Wind Farm','','Sauk Centre','MN','0','USA','','V110-2.0 MW','',0,40,'',1000,'',45.6756,-94.9899,''),(1406,'0','GL Wind','','Lewiston','MN','0','USA','','Liberty 2.5 C96','',0,4.95,'',1000,'',43.9917,-91.8778,''),(1407,'0','Glacier Hills','','Randolph','WI','0','USA','','V90-1.8 MW/No Unit Specified','',0,162,'',1000,'',43.5756,-89.0559,''),(1408,'0','Glacier I','','Ethridge','MT','0','USA','','No Unit Specified','',0,106.5,'',1000,'',48.5578,-112.12,''),(1409,'0','Glacier II','','Ethridge','MT','0','USA','','No Unit Specified','',0,103.5,'',1000,'',48.5578,-112.12,''),(1410,'0','Glenrock','Dave Johnston Coal Mine','','WY','0','USA','','No Unit Specified','',0,99,'',1000,'',43.0489,-105.407,''),(1411,'0','Glenrock III','','','WY','0','USA','','No Unit Specified','',0,39,'',1000,'',43.0489,-105.407,''),(1412,'0','GM Farms','','Dodge Center','MN','0','USA','','No Unit Specified','',0,30,'',1000,'',44.0281,-92.8544,''),(1413,'0','Goat Mountain I','','San Angelo','TX','0','USA','','No Unit Specified','',0,80,'',1000,'',31.9086,-100.868,''),(1414,'0','Goat Mountain II','','','TX','0','USA','','MWT92/2.4','',0,69.6,'',1000,'',31.9086,-100.868,''),(1415,'0','Golden Acorn Casino','','','CA','0','USA','','No Unit Specified','',0,1,'',1000,'',0,0,''),(1416,'0','Golden Hills Project','','Livermore','CA','0','USA','','1.7-100','',0,85.92,'',1000,'',37.7372,-121.646,''),(1417,'0','Golden Spread Panhandle Wind Ranch','','Wildorado','TX','0','USA','','No Unit Specified','',0,78.2,'',1000,'',35.2373,-102.195,''),(1418,'0','Golden Valley','573 W. 600 S.','Burley','ID','0','USA','','No Unit Specified','',0,12,'',1000,'',42.5358,-113.792,''),(1419,'0','Golden West','','','CO','0','USA','','1.7-100','',0,249.9,'',1000,'',38.935,-104.212,''),(1420,'0','Goldthwaite','418 E. FM 572','Goldthwaite','TX','0','USA','','No Unit Specified/No Unit Specified','',0,148.6,'',1000,'',31.398,-98.4453,''),(1421,'0','Gonzales (AKA Taylor Farms)','','Gonzales','CA','0','USA','','No Unit Specified','',0,1,'',1000,'',36.505,-121.452,''),(1422,'0','Goodnoe Hills','','Goodnoe Hills','WA','0','USA','','MM92','',0,94,'',1000,'',45.7514,-120.479,''),(1423,'0','Goodwell Wind Project','','','OK','0','USA','','No Unit Specified','',0,200,'',1000,'',36.5235,-101.595,''),(1424,'0','Gordon Butte','Gordon Butte','Martinsdale','MT','0','USA','','No Unit Specified','',0,9.6,'',1000,'',46.4107,-110.334,''),(1425,'0','Goshen North','','Idaho Falls','ID','0','USA','','1.5xle','',0,124.5,'',1000,'',43.4954,-111.81,''),(1426,'0','Grand Meadow','','Chandler','MN','0','USA','','No Unit Specified/No Unit Specified','',0,100.5,'',1000,'',43.7572,-92.6966,''),(1427,'0','Grand Ridge','','','IL','0','USA','','1.5sle','',0,99,'',1000,'',41.27,-88.7067,''),(1428,'0','Grand Ridge II','','','IL','0','USA','','1.5sle','',0,51,'',1000,'',41.258,-88.7157,''),(1429,'0','Grand Ridge III','','','IL','0','USA','','1.5sle','',0,49.5,'',1000,'',41.258,-88.7157,''),(1430,'0','Grand Ridge IV','','','IL','0','USA','','1.5sle','',0,10.5,'',1000,'',41.258,-88.7157,''),(1431,'0','Grande Prairie','','O\'Neill','NE','0','USA','','V100-2.0','',0,400,'',1000,'',42.6081,-98.4283,''),(1432,'0','Grandview I & III (FKA Conway Wind Farm)','2597 Co. Road 6','Groom','TX','0','USA','','1.7-100','',0,211.2,'',1000,'',35.3131,-101.274,''),(1433,'0','Granite Reliable Wind','','Odell','NH','0','USA','','V90-3.0MW','',0,99,'',1000,'',44.8461,-71.3049,''),(1434,'0','Grant County','16116 139th St','Roseville','MN','0','USA','','S.88-2.1 MW','',0,20,'',1000,'',45.8294,-95.7917,''),(1435,'0','Grant County Wind Farm','','Hoffman','MN','0','USA','','No Unit Specified/No Unit Specified','',0,21,'',1000,'',45.8294,-95.7917,''),(1436,'0','Grant Plains Wind','','','OK','0','USA','','No Unit Specified','',0,150,'',1000,'',36.9708,-97.7053,''),(1437,'0','Grant Wind','','','OK','0','USA','','No Unit Specified','',0,151.8,'',1000,'',36.9507,-97.6447,''),(1438,'0','Gratiot County Wind Project','','Wheeler','MI','0','USA','','No Unit Specified/No Unit Specified','',0,212.8,'',1000,'',43.3964,-84.4181,''),(1439,'0','Gray County','','','KS','0','USA','','V47 - 660 kw','',0,112.2,'',1000,'',37.6133,-100.38,''),(1440,'0','Great Lakes Energy Institute (CWRU)','Stamco Industries Inc.','Euclid','OH','0','USA','','','',0,1.224,'',1000,'',0,0,''),(1441,'0','Great Plains Windpower (AKA Aeolus Wind Facility)','14899 County Rd 17','Spearman','TX','0','USA','','No Unit Specified','',0,3,'',1000,'',36.448,-101.328,''),(1442,'0','Great Western','','','OK','0','USA','','No Unit Specified','',0,225,'',1000,'',36.1665,-99.596,''),(1443,'0','Green Housing Development','Ten Rod Road','North Kingstown','RI','0','USA','','No Unit Specified','',0,1.8,'',1000,'',41.5663,-71.464,''),(1444,'0','Green Mountain Energy','','Garrett','PA','0','USA','','N60','',0,10.4,'',1000,'',39.8631,-79.0583,''),(1445,'0','Green Pastures','Highway 82','Seymour','TX','0','USA','','AW-116/3000','',0,300,'',1000,'',0,0,''),(1446,'0','Green Power','','San Gorgonio','CA','0','USA','','No Unit Specified','',0,16.2,'',1000,'',33.9254,-116.571,''),(1447,'0','Green Ridge Power (70 MW)','','Alameda','CA','0','USA','','','',0,34.1,'',1000,'',0,0,''),(1448,'0','Greenback Wind (West Pipestone Projects)','','Pipestone','MN','0','USA','','No Unit Specified','',0,1.65,'',1000,'',44.015,-96.437,''),(1449,'0','Greenfield','','Greenfield','IA','0','USA','','1.6 - 82.5','',0,1.6,'',1000,'',41.29,-94.485,''),(1450,'0','Greenfield Wind','','Fairfield','MT','0','USA','','No Unit Specified','',0,29.9,'',1000,'',47.723,-111.963,''),(1451,'0','Greensburg','11277 25th Avenue','Greensburg','KS','0','USA','','S64-1.25 MW','',0,12.5,'',1000,'',37.6028,-99.2922,''),(1452,'0','Groton','','Groton','NH','0','USA','','No Unit Specified/G87-2.0','',0,48,'',1000,'',43.7629,-71.7864,''),(1453,'0','GSG','','','IL','0','USA','','No Unit Specified','',0,80,'',1000,'',41.7253,-89.0447,''),(1454,'0','Gulf Wind','','','TX','0','USA','','No Unit Specified','',0,283,'',1000,'',27.1188,-97.5509,''),(1455,'0','Gunsight','','','TX','0','USA','','No Unit Specified','',0,119.93,'',1000,'',32.5354,-101.576,''),(1456,'0','GWE 1','','Perry','IA','0','USA','','No Unit Specified','',0,2,'',1000,'',41.819,-94.081,''),(1457,'0','GWE 2','','Perry','IA','0','USA','','No Unit Specified','',0,2,'',1000,'',41.815,-94.081,''),(1458,'0','GWE 5','','Earlville','IA','0','USA','','No Unit Specified','',0,2,'',1000,'',42.489,-91.225,''),(1459,'0','GWE 6','','Earlville','IA','0','USA','','No Unit Specified','',0,2,'',1000,'',42.494,-91.225,''),(1460,'0','GWE 7','','Earlville','IA','0','USA','','No Unit Specified','',0,2,'',1000,'',42.487,-91.231,''),(1461,'0','GWE 8','','Perry','IA','0','USA','','No Unit Specified','',0,2,'',1000,'',41.824,-94.079,''),(1462,'0','GWE, LLC','','','IA','0','USA','','No Unit Specified','',0,4,'',1000,'',0,0,''),(1463,'0','Hackberry','','','TX','0','USA','','No Unit Specified','',0,166,'',1000,'',32.7856,-99.4463,''),(1464,'0','Hadley Ridge LLC','','Lake Benton','MN','0','USA','','V47 - 660 kw','',0,1.9,'',1000,'',44.2253,-96.235,''),(1465,'0','Hancock County','','','IA','0','USA','','No Unit Specified','',0,97.6,'',1000,'',43.0387,-93.6623,''),(1466,'0','Hancock Wind','Spectacle Pond','Osborn','ME','0','USA','','No Unit Specified','',0,51,'',1000,'',44.7635,-68.1822,''),(1467,'0','Happy Jack','','Cheyenne','WY','0','USA','','No Unit Specified','',0,29.4,'',1000,'',41.14,-104.82,''),(1468,'0','Harbec Plastics II (Wayne Industrial Sustainability Park)','Harbec Plastics, 369 New York 104','Ontario','NY','0','USA','','G58-850','',0,0.85,'',1000,'',43.2272,-77.3601,''),(1469,'0','Harbor Wind','','Corpus Christi','TX','0','USA','','No Unit Specified','',0,9,'',1000,'',27.8003,-97.3961,''),(1470,'0','Hardin Hilltop','','','IA','0','USA','','No Unit Specified','',0,14.7,'',1000,'',42.0701,-94.48,''),(1471,'0','Hardscrabble (Top Notch)','','Fairfield','NY','0','USA','','No Unit Specified','',0,74,'',1000,'',43.2001,-74.9031,''),(1472,'0','Harpster Wind','17389 Cherokee St, Harpster','Morral','OH','0','USA','','87/1500','',0,1.65,'',1000,'',40.7399,-83.2539,''),(1473,'0','Harvest','250 N. Maxwell Road','Elkton','MI','0','USA','','V82-1.65 MW','',0,52.8,'',1000,'',43.8386,-83.2167,''),(1474,'0','Harvest','','','WA','0','USA','','No Unit Specified','',0,99,'',1000,'',45.8888,-120.971,''),(1475,'0','Harvest II','','','MI','0','USA','','V100-1.8 MW','',0,59.4,'',1000,'',43.9467,-82.821,''),(1476,'0','Hatchet Ridge','','Burney','CA','0','USA','','SWT 2.3/82/No Unit Specified/No Unit Specified','',0,101.2,'',1000,'',40.8898,-121.794,''),(1477,'0','Haviland Plastic Products','119 West Main Street','Haviland','OH','0','USA','','No Unit Specified','',0,4.5,'',1000,'',41.019,-84.5876,''),(1478,'0','Hawi','','Big Island(near Upolu Point)','HI','0','USA','','V47 - 660 kw/No Unit Specified','',0,10.56,'',1000,'',21.2259,-156.948,''),(1479,'0','Hawkeye','','Bethel','IA','0','USA','','N100/2500','',0,36,'',1000,'',42.9489,-92.0622,''),(1480,'0','Hay Canyon','','Wasco','OR','0','USA','','No Unit Specified','',0,100.8,'',1000,'',45.5119,-120.589,''),(1481,'0','Haynes','','Gray','TX','0','USA','','','',0,200,'',1000,'',0,0,''),(1482,'0','Headwaters Wind Farm','','','IN','0','USA','','V110-2.0 MW','',0,200,'',1000,'',40.0667,-85.0133,''),(1483,'0','Heartland Community College','1500 W Raab Rd.','Normal','IL','0','USA','','No Unit Specified','',0,1.65,'',1000,'',40.5319,-89.0074,''),(1484,'0','Helzel & Schwarzhoff 86','','Mojave','CA','0','USA','','','',0,2.4,'',1000,'',35.0728,-118.352,''),(1485,'0','Helzel & Schwarzhoff 88','','Mojave','CA','0','USA','','','',0,1.8,'',1000,'',35.0686,-118.352,''),(1486,'0','Hereford 1','','Hereford','TX','0','USA','','1.85-82.5/V100-2.0','',0,200,'',1000,'',34.8775,-102.265,''),(1487,'0','Heritage Garden','','Garden Township','MI','0','USA','','G97-2.0 MW','',0,28.6,'',1000,'',43.8508,-82.7825,''),(1488,'0','High Lonesome','','High Lonesome','NM','0','USA','','No Unit Specified','',0,100,'',1000,'',34.4833,-105.975,''),(1489,'0','High Lonesome II','','','NM','0','USA','','','',0,150,'',1000,'',0,0,''),(1490,'0','High Mesa','','Bliss','ID','0','USA','','No Unit Specified','',0,40,'',1000,'',42.88,-115.037,''),(1491,'0','High Plains','','McFadden','WY','0','USA','','No Unit Specified','',0,99,'',1000,'',41.6575,-106.098,''),(1492,'0','High Plains','','Panhandle','TX','0','USA','','S.88-2.1 MW','',0,10,'',1000,'',35.3536,-101.535,''),(1493,'0','High Prairie I (Mower)','','','MN','0','USA','','No Unit Specified','',0,98.9,'',1000,'',43.6855,-92.6116,''),(1494,'0','High Sheldon','','Sheldon','NY','0','USA','','1.5sle','',0,112.5,'',1000,'',42.7062,-78.3599,''),(1495,'0','High Winds','','','CA','0','USA','','No Unit Specified','',0,162,'',1000,'',38.1224,-121.845,''),(1496,'0','Highland North','','Krayn','PA','0','USA','','N100/2500','',0,75,'',1000,'',40.2692,-78.7269,''),(1497,'0','Highland Wind Energy','','','IA','0','USA','','No Unit Specified','',0,500,'',1000,'',43.0589,-95.6584,''),(1498,'0','Highland Wind Farm','','Krayn','PA','0','USA','','N90-2.5','',0,62.5,'',1000,'',40.2806,-78.6919,''),(1499,'0','Hilltop','','Willmar','MN','0','USA','','No Unit Specified','',0,2,'',1000,'',45.1219,-95.0431,''),(1500,'0','Holy Name Central Catholic High School','144 Granite Street','Worcester','MA','0','USA','','No Unit Specified','',0,0.6,'',1000,'',42.241,-71.7839,''),(1501,'0','Hometown Wind','','Anoka','MN','0','USA','','','',0,1.9,'',1000,'',45.1978,-93.3869,''),(1502,'0','Honda - Russells Point ( AKA RP Wind)','Honda Transmissions Manufacturing, 6964 Ohio 235','Russells Point','OH','0','USA','','1.6-100','',0,3.58,'',1000,'',40.4503,-83.9035,''),(1503,'0','Hoopeston','','Hoopeston','IL','0','USA','','V100-2.0','',0,98,'',1000,'',40.3792,-87.6686,''),(1504,'0','Hoosac','Bakke Mountain','Florida','MA','0','USA','','No Unit Specified','',0,28.5,'',1000,'',42.7272,-73.0483,''),(1505,'0','Hoosier','','','IN','0','USA','','MM92','',0,100,'',1000,'',40.6448,-87.3414,''),(1506,'0','Hope Creek LLC','','Lake Benton','MN','0','USA','','V47 - 660 kw','',0,1.9,'',1000,'',44.2275,-96.2192,''),(1507,'0','Hopkins Ridge','','Dayton','WA','0','USA','','No Unit Specified','',0,156.6,'',1000,'',46.3778,-117.735,''),(1508,'0','Hopkins Ridge II','','Dayton','WA','0','USA','','No Unit Specified','',0,7,'',1000,'',46.3239,-117.971,''),(1509,'0','Horse Butte I','','Idaho Falls','ID','0','USA','','V100-1.8 MW','',0,57.6,'',1000,'',43.4667,-112.033,''),(1510,'0','Horse Creek Wind','','','TX','0','USA','','No Unit Specified','',0,230,'',1000,'',33.35,-99.54,''),(1511,'0','Horse Hollow I','','Abilene','TX','0','USA','','No Unit Specified','',0,213,'',1000,'',32.1923,-100.033,''),(1512,'0','Horse Hollow II','','','TX','0','USA','','No Unit Specified','',0,299,'',1000,'',32.2455,-99.8125,''),(1513,'0','Horse Hollow III','','','TX','0','USA','','No Unit Specified','',0,223.5,'',1000,'',32.4105,-100.35,''),(1514,'0','Horseshoe Bend','McIver Road','Great Falls','MT','0','USA','','No Unit Specified','',0,9,'',1000,'',47.4992,-111.415,''),(1515,'0','Hot Springs','','','ID','0','USA','','No Unit Specified','',0,21,'',1000,'',43.0272,-115.466,''),(1516,'0','Howard I & II','','Howard','NY','0','USA','','No Unit Specified','',0,55.35,'',1000,'',42.3136,-77.5605,''),(1517,'0','Hueco Mountain Wind Ranch','','','TX','0','USA','','V47 - 660 kw','',0,1.3,'',1000,'',31.7154,-105.99,''),(1518,'0','Huerfano River Wind','','Walsenburg','CO','0','USA','','No Unit Specified','',0,8,'',1000,'',37.772,-104.832,''),(1519,'0','Hull Wind I','Main Street','Hull','MA','0','USA','','V47 - 660 kw','',0,0.66,'',1000,'',42.3044,-70.9221,''),(1520,'0','Hull Wind II','Logan Ave.','Hull','MA','0','USA','','V80 - 1.8 MW','',0,1.8,'',1000,'',42.2611,-70.8563,''),(1521,'0','Huron II (AKA Echo Wind Park)','','Oliver','MI','0','USA','','1.6-100','',0,162,'',1000,'',43.9136,-83.2128,''),(1522,'0','Ida Grove','','','IA','0','USA','','No Unit Specified','',0,301,'',1000,'',42.3557,-95.4204,''),(1523,'0','Illinois Institute of Technology','','Marseilles','IL','0','USA','','No Unit Specified/No Unit Specified','',0,1.5,'',1000,'',41.3308,-88.7081,''),(1524,'0','Inadale (Roscoe IV)','200 East Broadway','Roscoe','TX','0','USA','','MWT-1000','',0,197,'',1000,'',32.5518,-100.659,''),(1525,'0','Independence','88 Cranberry Rd','Kingston','MA','0','USA','','No Unit Specified/No Unit Specified','',0,2,'',1000,'',41.9788,-70.7159,''),(1526,'0','Indian Mesa','','','TX','0','USA','','No Unit Specified','',0,82.5,'',1000,'',30.9249,-102.102,''),(1527,'0','Indiana Schools - North Newton School Corp.','1641 West 250 North','Morocco','IN','0','USA','','No Unit Specified','',0,0.9,'',1000,'',41.0346,-87.4216,''),(1528,'0','Indiana Schools - Northwestern School Corp.','County Road W 350 N','Clay','IN','0','USA','','No Unit Specified','',0,0.9,'',1000,'',0,0,''),(1529,'0','Indiana Schools - West Central School Corp.','','Francesville','IN','0','USA','','PowerWind 56','',0,0.9,'',1000,'',0,0,''),(1530,'0','Infinity Wind Energy - Petersburg','','Petersburg','ND','0','USA','','No Unit Specified','',0,0.9,'',1000,'',0,0,''),(1531,'0','Inland Empire','','Rancho Cucamonga','CA','0','USA','','No Unit Specified','',0,1,'',1000,'',34.0847,-117.529,''),(1532,'0','International Turbine Research','','Paacheco Pass','CA','0','USA','','','',0,15.87,'',1000,'',37.6353,-122.491,''),(1533,'0','Intrepid','','Schaller','IA','0','USA','','No Unit Specified','',0,160.5,'',1000,'',42.4997,-95.2928,''),(1534,'0','Iowa Distributed Wind Generation Project','Section 22','Irvington Township','IA','0','USA','','No Unit Specified','',0,2.25,'',1000,'',43.07,-94.2328,''),(1535,'0','Iowa Lakes Community College','','Esterville','IA','0','USA','','No Unit Specified','',0,1.65,'',1000,'',43.4019,-94.8386,''),(1536,'0','Iowa Lakes Lakota Wind','','','IA','0','USA','','No Unit Specified','',0,10.5,'',1000,'',43.2513,-94.2333,''),(1537,'0','Iowa Lakes Superior Wind','','','IA','0','USA','','No Unit Specified','',0,10.5,'',1000,'',43.4049,-95.1849,''),(1538,'0','Ipswich','200 Town Farm Rd.','Ipswich','MA','0','USA','','No Unit Specified','',0,1.65,'',1000,'',42.7177,-70.846,''),(1539,'0','Ipswich II','','Ipswich','MA','0','USA','','No Unit Specified','',0,2,'',1000,'',42.7166,-70.8437,''),(1540,'0','Ironwood','','Spearville','KS','0','USA','','SWT 2.3/82','',0,168,'',1000,'',37.8563,-99.7291,''),(1541,'0','Javelina','','','TX','0','USA','','1.7-100/No Unit Specified','',0,249.7,'',1000,'',27.2753,-99.0492,''),(1542,'0','Javelina 2 (FKA Albercas)','','','TX','0','USA','','No Unit Specified','',0,200,'',1000,'',27.44,-98.91,''),(1543,'0','Jawbone','Jawbone Canyon Road','Mojave','CA','0','USA','','','',0,40,'',1000,'',35.3577,-118.155,''),(1544,'0','Jeffers','','Jeffers','MN','0','USA','','No Unit Specified','',0,50,'',1000,'',44.0558,-95.1964,''),(1545,'0','Jericho Mountain','83 Jericho Road','Berlin','NH','0','USA','','2.85 - 103','',0,14.25,'',1000,'',44.467,-71.2229,''),(1546,'0','Jericho Rise','','Chateaugay','NY','0','USA','','No Unit Specified','',0,77.7,'',1000,'',44.8889,-74.1033,''),(1547,'0','Jersey-Atlantic Wind','1701 Absecon Boulevard','Atlantic City','NJ','0','USA','','1.5-77','',0,7.5,'',1000,'',39.3642,-74.4233,''),(1548,'0','Jessica Mills LLC','','','MN','0','USA','','V47 - 660 kw','',0,1.9,'',1000,'',44.4124,-96.2698,''),(1549,'0','Jett Creek Wind Farm','','','OR','0','USA','','No Unit Specified','',0,10,'',1000,'',44.425,-117.274,''),(1550,'0','Jiminy Peak','37 Corey Road','Hancock','MA','0','USA','','No Unit Specified','',0,1.5,'',1000,'',42.5559,-73.2941,''),(1551,'0','JJN','','Buffalo Ridge','MN','0','USA','','No Unit Specified','',0,1.5,'',1000,'',43.6078,-96.8869,''),(1552,'0','John Deere Wind 1','','Gruver','TX','0','USA','','S64-1.25 MW','',0,10,'',1000,'',36.4985,-101.488,''),(1553,'0','John Deere Wind 10','6000 Stallwitz Rd','Dumas','TX','0','USA','','No Unit Specified','',0,10,'',1000,'',35.8083,-101.997,''),(1554,'0','John Deere Wind 11','','Dumas','TX','0','USA','','No Unit Specified','',0,10,'',1000,'',35.8184,-101.971,''),(1555,'0','John Deere Wind 2','','Gruver','TX','0','USA','','S64-1.25 MW','',0,10,'',1000,'',36.4419,-101.341,''),(1556,'0','John Deere Wind 3','','','TX','0','USA','','S64-1.25 MW','',0,10,'',1000,'',36.3184,-101.434,''),(1557,'0','John Deere Wind 4','9489 County Road H','Gruver','TX','0','USA','','No Unit Specified','',0,79.8,'',1000,'',36.4121,-101.374,''),(1558,'0','John Deere Wind 5','','Stratford','TX','0','USA','','No Unit Specified','',0,10,'',1000,'',36.4456,-101.87,''),(1559,'0','John Deere Wind 6','','Texhoma','TX','0','USA','','No Unit Specified','',0,10,'',1000,'',36.4674,-101.814,''),(1560,'0','John Deere Wind 7','6603 FM 281','Sunray','TX','0','USA','','No Unit Specified','',0,10,'',1000,'',36.0261,-101.888,''),(1561,'0','John Deere Wind 8','11896 Light Plant Rd','Sunray','TX','0','USA','','No Unit Specified','',0,10,'',1000,'',35.9955,-101.852,''),(1562,'0','John Deere Wind 9','11572 Texas Beef Rd','Sunray','TX','0','USA','','No Unit Specified','',0,10,'',1000,'',35.9614,-101.802,''),(1563,'0','Judith Gap','','Judith Gap','MT','0','USA','','1.5sle','',0,135,'',1000,'',46.5863,-109.865,''),(1564,'0','Julia Hills LLC','','Hendricks','MN','0','USA','','V47 - 660 kw','',0,1.9,'',1000,'',44.4231,-96.4458,''),(1565,'0','Jumbo Road Wind (FKA Hereford 2)','','','TX','0','USA','','No Unit Specified','',0,300,'',1000,'',34.664,-102.303,''),(1566,'0','Junction Hilltop Wind','Somerset Ave','Junction','IA','0','USA','','No Unit Specified','',0,8,'',1000,'',42.0993,-94.2669,''),(1567,'0','Juniper Canyon I','','Bickleton','WA','0','USA','','No Unit Specified','',0,151.2,'',1000,'',45.8741,-120.275,''),(1568,'0','K & D Energy','','Worthington','MN','0','USA','','No Unit Specified','',0,4.2,'',1000,'',43.62,-95.5961,''),(1569,'0','Kaheawa','','Maalaea Harbor (Maui)','HI','0','USA','','No Unit Specified/No Unit Specified','',0,30,'',1000,'',20.8136,-156.551,''),(1570,'0','Kaheawa II','3000 Honoapiilani Hwy','Wailuku','HI','0','USA','','No Unit Specified/No Unit Specified','',0,21,'',1000,'',21.2259,-156.948,''),(1571,'0','Kahuku','56-1050 Kamehameha Hwy','Honolulu','HI','0','USA','','No Unit Specified/No Unit Specified','',0,30,'',1000,'',21.692,-157.974,''),(1572,'0','Karen Avenue Wind Farm','','North Palm Spring','CA','0','USA','','No Unit Specified/No Unit Specified','',0,11.7,'',1000,'',33.9219,-116.562,''),(1573,'0','Kas Brothers','','Woodstock','MN','0','USA','','NM750','',0,1.5,'',1000,'',44.0092,-96.1003,''),(1574,'0','Kawailoa Wind','Kamehameha Schools Kawailoa Plantation','Haleiwa, Oahu','HI','0','USA','','SWT-2.3/101','',0,69,'',1000,'',21.6103,-158.041,''),(1575,'0','Kay','','Newkirk','OK','0','USA','','No Unit Specified','',0,299,'',1000,'',36.9342,-97.1329,''),(1576,'0','K-Brink','520 5th Avenue South','Pipestone','MN','0','USA','','','',0,2,'',1000,'',44.0197,-96.1183,''),(1577,'0','KC Energy','','Worthington','MN','0','USA','','No Unit Specified','',0,4,'',1000,'',43.6216,-95.6792,''),(1578,'0','Keechi','','','TX','0','USA','','V100-2.0','',0,110,'',1000,'',33.1025,-98.1352,''),(1579,'0','Kelly Creek Wind Farm','','','IL','0','USA','','V100-2.0','',0,184,'',1000,'',40.9675,-88.1975,''),(1580,'0','Kenetech','','San Gorgonio','CA','0','USA','','No Unit Specified','',0,30.3,'',1000,'',34.1006,-116.828,''),(1581,'0','Kenetech/Wintech','','San Gorgonio','CA','0','USA','','No Unit Specified/No Unit Specified','',0,7.08,'',1000,'',34.1006,-116.828,''),(1582,'0','Kenston High School','9500 Bainbridge Road','Chagrin Falls','OH','0','USA','','AW 54-750kW','',0,0.75,'',1000,'',41.3939,-81.3053,''),(1583,'0','Kibby Mountain I','','Kibby','ME','0','USA','','V90-3.0MW','',0,66,'',1000,'',45.4317,-70.5281,''),(1584,'0','Kibby Mountain II','','Kibby','ME','0','USA','','V90-3.0MW','',0,66,'',1000,'',45.4317,-70.5281,''),(1585,'0','King Mountain','','','TX','0','USA','','No Unit Specified','',0,278.2,'',1000,'',31.3385,-101.98,''),(1586,'0','Kingdom (Lowell Mountain)','','Albany','VT','0','USA','','V112-3.0 MW','',0,63,'',1000,'',44.5144,-72.012,''),(1587,'0','Kingfisher','','Piedmont','OK','0','USA','','No Unit Specified','',0,298,'',1000,'',35.7703,-97.7997,''),(1588,'0','Kingman Wind','','Kingman','AZ','0','USA','','G90-2.0','',0,10,'',1000,'',35.1894,-114.052,''),(1589,'0','Kingman Wind Energy Center','','','KS','0','USA','','No Unit Specified','',0,206.6,'',1000,'',37.5867,-98.5793,''),(1590,'0','Kingston','','Kingston','MA','0','USA','','No Unit Specified','',0,6,'',1000,'',0,0,''),(1591,'0','Kingston Landfill','Cranberry Road','Kingston','MA','0','USA','','No Unit Specified','',0,1.8,'',1000,'',41.9788,-70.7162,''),(1592,'0','Kirkwood Community College','Kirkwood North Rd SW','Cedar Rapids','IA','0','USA','','No Unit Specified','',0,2.5,'',1000,'',41.9166,-91.6509,''),(1593,'0','Kit Carson','','Burlington','CO','0','USA','','No Unit Specified/No Unit Specified','',0,51,'',1000,'',39.3061,-102.269,''),(1594,'0','Kittitas Valley','','','WA','0','USA','','S.88-2.1 MW','',0,100.8,'',1000,'',47.1531,-120.685,''),(1595,'0','Klondike I','','Wasco','OR','0','USA','','No Unit Specified','',0,24,'',1000,'',45.4122,-120.753,''),(1596,'0','Klondike II','','Wasco','OR','0','USA','','No Unit Specified','',0,75,'',1000,'',45.559,-120.639,''),(1597,'0','Klondike III','Beacon Rd','Wasco','OR','0','USA','','No Unit Specified/No Unit Specified/No Unit Specified/No Unit Specified','',0,221,'',1000,'',45.6099,-120.534,''),(1598,'0','Klondike IIIA','Webfoot Rd','Wasco','OR','0','USA','','No Unit Specified','',0,76.5,'',1000,'',45.57,-120.52,''),(1599,'0','Kotzebue','','Kotzebue','AK','0','USA','','No Unit Specified','',0,1.8,'',1000,'',66.8378,-162.557,''),(1600,'0','KSS Turbines','','Worthington','MN','0','USA','','No Unit Specified','',0,4,'',1000,'',43.62,-95.5961,''),(1601,'0','Kumeyaay','','','CA','0','USA','','G87-2.0','',0,51,'',1000,'',32.7191,-116.342,''),(1602,'0','Lake Benton I','','Lake Benton','MN','0','USA','','No Unit Specified','',0,106.5,'',1000,'',44.2611,-96.2872,''),(1603,'0','Lake Benton II','','','MN','0','USA','','No Unit Specified','',0,102.8,'',1000,'',43.9973,-96.3226,''),(1604,'0','Lake Region State College - Devil\'s Lake','1801 College Drive','Devils Lake','ND','0','USA','','1.6 - 82.5','',0,1.6,'',1000,'',48.1705,-98.8124,''),(1605,'0','Lake Winds Energy Park','','Riverton','MI','0','USA','','V100-1.8 MW/No Unit Specified','',0,100.8,'',1000,'',43.9665,-86.4997,''),(1606,'0','Lakefield','','Chandler','MN','0','USA','','No Unit Specified','',0,205.5,'',1000,'',43.6837,-95.1386,''),(1607,'0','Lakeswind','','Rollag','MN','0','USA','','No Unit Specified','',0,48,'',1000,'',46.5189,-95.8936,''),(1608,'0','Lakota Ridge','','Hendricks','MN','0','USA','','NM48','',0,11.25,'',1000,'',44.5072,-96.4239,''),(1609,'0','Lalamilo Wells Repowering','','Kamuela','HI','0','USA','','No Unit Specified','',0,3.3,'',1000,'',19.9875,-155.766,''),(1610,'0','Lamar','','','CO','0','USA','','No Unit Specified','',0,7.5,'',1000,'',37.8434,-102.255,''),(1611,'0','Langdon I','','','ND','0','USA','','No Unit Specified','',0,118.5,'',1000,'',48.8104,-98.4781,''),(1612,'0','Langdon II','','','ND','0','USA','','No Unit Specified','',0,40.5,'',1000,'',48.7008,-98.2991,''),(1613,'0','Langford','','','TX','0','USA','','No Unit Specified','',0,150,'',1000,'',31.1294,-100.637,''),(1614,'0','Laredo Ridge','','Petersburg','NE','0','USA','','No Unit Specified','',0,81,'',1000,'',41.8354,-98.0208,''),(1615,'0','Latigo (Monticello)','','Monticello','UT','0','USA','','No Unit Specified','',0,62.1,'',1000,'',37.8714,-109.342,''),(1616,'0','Laurel','Highway 14','Laurel','IA','0','USA','','SWT 2.3/82/No Unit Specified','',0,119.6,'',1000,'',41.9171,-92.9607,''),(1617,'0','Laurel Hill','','Jackson','PA','0','USA','','SWT 2.3/82','',0,69,'',1000,'',40.9143,-77.8185,''),(1618,'0','Laurel Mountain','','','WV','0','USA','','No Unit Specified','',0,97.6,'',1000,'',38.8093,-80.0088,''),(1619,'0','Leaning Juniper','','Arlington','OR','0','USA','','1.5sle','',0,100.5,'',1000,'',45.4566,-120.18,''),(1620,'0','Leaning Juniper II','','','OR','0','USA','','No Unit Specified/No Unit Specified/No Unit Specified','',0,201.3,'',1000,'',45.4566,-120.18,''),(1621,'0','Lee/DeKalb Counties','','Milan','IL','0','USA','','1.5 - 82.5','',0,226.5,'',1000,'',41.8639,-88.9217,''),(1622,'0','Lempster','','Lempster','NH','0','USA','','No Unit Specified','',0,24,'',1000,'',43.2303,-72.1492,''),(1623,'0','Leon Sneve','','','MN','0','USA','','No Unit Specified','',0,1.5,'',1000,'',43.7647,-95.8272,''),(1624,'0','Leonardo Wind 1','','Alden','IA','0','USA','','No Unit Specified','',0,3.095,'',1000,'',42.4981,-93.3678,''),(1625,'0','Lime','','Lime','OR','0','USA','','No Unit Specified','',0,3,'',1000,'',44.4064,-117.31,''),(1626,'0','Limon III','','','CO','0','USA','','1.7-100','',0,200.6,'',1000,'',39.3533,-103.474,''),(1627,'0','Limon Wind Energy Center I','','Limon','CO','0','USA','','No Unit Specified','',0,200,'',1000,'',39.2639,-103.692,''),(1628,'0','Limon Wind Energy Center II','','','CO','0','USA','','No Unit Specified','',0,200,'',1000,'',39.3414,-103.581,''),(1629,'0','Lincoln County (Hendricks Wind)','','','MN','0','USA','','No Unit Specified','',0,0.9,'',1000,'',44.4507,-96.3226,''),(1630,'0','Lincoln Wind Energy Facility','','Lincoln','WI','0','USA','','No Unit Specified','',0,9,'',1000,'',44.6181,-87.6419,''),(1631,'0','Lincoln Wind Energy Facility','','Salt Valley','NE','0','USA','','No Unit Specified','',0,1.32,'',1000,'',41.394,-99.7267,''),(1632,'0','Lindahl Wind Project','','','ND','0','USA','','','',0,150,'',1000,'',48.5111,-102.971,''),(1633,'0','Linden','','Goldendale','WA','0','USA','','MM92','',0,50,'',1000,'',45.8208,-120.821,''),(1634,'0','Little Elk','','','OK','0','USA','','V110-2.0 MW','',0,74,'',1000,'',35.1947,-98.9072,''),(1635,'0','Little Pringle','8570 County Road H','Stinnett','TX','0','USA','','D8.2','',0,10,'',1000,'',35.8269,-101.442,''),(1636,'0','Little Pringle II','8571 CO RD H','Morse','TX','0','USA','','D8.2','',0,10,'',1000,'',36.0655,-101.481,''),(1637,'0','Little Soldier (aka Akicita Cikala)','','','SD','0','USA','','No Unit Specified','',0,0.75,'',1000,'',0,0,''),(1638,'0','Llano Estacado Wind Ranch','','Texico','NM','0','USA','','V47 - 660 kw','',0,1.98,'',1000,'',34.3602,-103.057,''),(1639,'0','Locust Ridge','','Mahanoy City','PA','0','USA','','G87-2.0','',0,27.3,'',1000,'',40.8125,-76.1419,''),(1640,'0','Locust Ridge II','','','PA','0','USA','','G83-2.0','',0,102,'',1000,'',40.8293,-76.2141,''),(1641,'0','Loess Hills','','Rock Port','MO','0','USA','','S64-1.25 MW','',0,5,'',1000,'',40.4142,-95.5337,''),(1642,'0','Logans Gap','Farm Market Bridge','','TX','0','USA','','No Unit Specified','',0,199,'',1000,'',31.8225,-98.6906,''),(1643,'0','Lone Star I (Mesquite)','','','TX','0','USA','','G87-2.0/G83-2.0','',0,200,'',1000,'',32.5063,-99.5461,''),(1644,'0','Lone Star II (Post Oak)','','','TX','0','USA','','G87-2.0','',0,200,'',1000,'',32.8242,-99.2786,''),(1645,'0','Lone Star Wind Farm Phase II','299 FM 604','Abilene','TX','0','USA','','No Unit Specified','',0,200,'',1000,'',32.5576,-99.4487,''),(1646,'0','Long Prairie Wind','','Liberty Township','OH','0','USA','','','',0,200,'',1000,'',40.7831,-84.5306,''),(1647,'0','Longhorn Wind Energy Center North','','','TX','0','USA','','V100-2.0','',0,200,'',1000,'',34.2963,-101.184,''),(1648,'0','Lookout','','Northampton','PA','0','USA','','S.88-2.1 MW','',0,37.8,'',1000,'',40.6861,-75.4972,''),(1649,'0','Loraine','','Loraine','TX','0','USA','','1.5xle/1.5sle','',0,150.5,'',1000,'',32.2916,-100.501,''),(1650,'0','Loranger Power Generation','','Berlin','NH','0','USA','','','',0,1.35,'',1000,'',44.4686,-71.1856,''),(1651,'0','Los Mirasoles Wind Farm (AKA Hidalgo & Starr Wind)','','','TX','0','USA','','V110-2.0 MW','',0,250,'',1000,'',26.4656,-98.4111,''),(1652,'0','Los Vientos I','','','TX','0','USA','','SWT-2.3-108','',0,200,'',1000,'',26.3429,-97.5495,''),(1653,'0','Los Vientos II','','','TX','0','USA','','MWT102-2.4','',0,202,'',1000,'',26.3779,-97.6326,''),(1654,'0','Los Vientos III','','Rio Grande City','TX','0','USA','','V100-2.0','',0,200,'',1000,'',26.5366,-98.5809,''),(1655,'0','Los Vientos IV','','Rio Grande City','TX','0','USA','','V110-2.0 MW','',0,200,'',1000,'',26.3806,-98.8183,''),(1656,'0','Los Vientos V','','','TX','0','USA','','V110-2.0 MW','',0,110,'',1000,'',26.4338,-98.5716,''),(1657,'0','Lost Creek','','Lost Creek','MO','0','USA','','1.5xle/No Unit Specified','',0,150,'',1000,'',40.0303,-94.4899,''),(1658,'0','Lost Island Lake','','Ruthven & Ayrshire','IA','0','USA','','No Unit Specified','',0,2.1,'',1000,'',42.0369,-93.4664,''),(1659,'0','Lost Lakes','1481 135th Ave.','Lake Park','IA','0','USA','','V82-1.65 MW','',0,100.65,'',1000,'',43.4049,-95.1849,''),(1660,'0','Lower Snake River I','','Pomeroy','WA','0','USA','','SWT 2.3/82/No Unit Specified','',0,342.7,'',1000,'',46.5186,-117.528,''),(1661,'0','LROC Properties','2650 Bridge Lane','Woodstock','IL','0','USA','','','',0,0.5,'',1000,'',42.2827,-88.412,''),(1662,'0','Lubbock','East of County Road 2800','Lubbock','TX','0','USA','','No Unit Specified/No Unit Specified','',0,7.5,'',1000,'',33.5778,-101.855,''),(1663,'0','Lucky Wind (West Pipestone Projects)','','Pipestone','MN','0','USA','','No Unit Specified','',0,1.65,'',1000,'',44.0256,-96.4303,''),(1664,'0','Lundgren','','Fort Dodge','IA','0','USA','','No Unit Specified','',0,250.7,'',1000,'',42.2905,-94.1476,''),(1665,'0','Luther College','','Decorah','IA','0','USA','','1.6xle','',0,1.6,'',1000,'',43.3033,-91.7856,''),(1666,'0','Luverne - North Field','','','ND','0','USA','','1.5xle','',0,49.5,'',1000,'',47.4272,-97.6885,''),(1667,'0','Lynn Wind Turbine','','Lynn','MA','0','USA','','','',0,0.66,'',1000,'',0,0,''),(1668,'0','Macho Springs','','','NM','0','USA','','V100-1.8 MW','',0,50.4,'',1000,'',32.5436,-107.51,''),(1669,'0','Mackinaw City','','Mackinaw','MI','0','USA','','No Unit Specified','',0,1.8,'',1000,'',45.7839,-84.7278,''),(1670,'0','Macksburg','','','IA','0','USA','','SWT-2.3-108','',0,117.3,'',1000,'',41.2241,-94.1544,''),(1671,'0','Madison','','','NY','0','USA','','V66 - 1.65 MW','',0,11.55,'',1000,'',42.8949,-75.4524,''),(1672,'0','Magic Valley','382 W. Main','Raymondville','TX','0','USA','','V100-1.8 MW','',0,206,'',1000,'',26.4736,-97.671,''),(1673,'0','Majestic I','','Amarillo','TX','0','USA','','No Unit Specified','',0,79.6,'',1000,'',35.4043,-101.526,''),(1674,'0','Majestic II','','','TX','0','USA','','No Unit Specified/No Unit Specified','',0,79.6,'',1000,'',35.386,-101.579,''),(1675,'0','Malad Station','','','ID','0','USA','','No Unit Specified','',0,20,'',1000,'',42.3353,-114.676,''),(1676,'0','Mammoth Plains Wind Energy Center','','','OK','0','USA','','No Unit Specified','',0,199,'',1000,'',35.9789,-98.7103,''),(1677,'0','Manzana','','Tehachapi','CA','0','USA','','No Unit Specified/1.5sle','',0,189,'',1000,'',35.1322,-118.448,''),(1678,'0','Maple Ridge I','','Lowville','NY','0','USA','','V82-1.65 MW','',0,231,'',1000,'',43.7865,-75.5766,''),(1679,'0','Maple Ridge II','','','NY','0','USA','','V82-1.65 MW','',0,91,'',1000,'',43.8147,-75.6097,''),(1680,'0','Marble River','','Clinton','NY','0','USA','','V112-3.0 MW','',0,216,'',1000,'',43.0483,-75.3789,''),(1681,'0','Marengo','','Dayton','WA','0','USA','','No Unit Specified','',0,140.4,'',1000,'',46.3239,-117.971,''),(1682,'0','Marengo II','','Dayton','WA','0','USA','','No Unit Specified','',0,70.2,'',1000,'',46.3239,-117.971,''),(1683,'0','Mariah Del Norte (AKA Mariah Project Phase I or Mariah North)','','','TX','0','USA','','No Unit Specified','',0,230.4,'',1000,'',34.4604,-102.714,''),(1684,'0','Mars Hill','34 Tower Road','Mars Hill','ME','0','USA','','No Unit Specified','',0,42,'',1000,'',46.5453,-67.8255,''),(1685,'0','Marsh Hill Wind Energy Center','','Jasper','NY','0','USA','','1.6xle','',0,16.2,'',1000,'',42.1639,-77.5289,''),(1686,'0','Marshall','2409 190th St','Marshall','MN','0','USA','','S.88-2.1 MW/No Unit Specified','',0,18.9,'',1000,'',44.4476,-95.7789,''),(1687,'0','Marshall','','Beattie','KS','0','USA','','V100-2.0','',0,72,'',1000,'',39.8642,-96.4141,''),(1688,'0','Martinsdale Colony North','Findon Lane Rd','Martinsdale','MT','0','USA','','','',0,0.8,'',1000,'',46.52,-110.28,''),(1689,'0','Martinsdale Colony South','U.S. 12','Martinsdale','MT','0','USA','','No Unit Specified','',0,2,'',1000,'',46.49,-110.28,''),(1690,'0','Massachusetts Maritime Academy','','Buzzards Bay','MA','0','USA','','No Unit Specified','',0,0.66,'',1000,'',41.7453,-70.6186,''),(1691,'0','Massachusetts Military Reservation','Massachusetts Military Reservation','Bourne','MA','0','USA','','No Unit Specified/No Unit Specified','',0,4.5,'',1000,'',41.7411,-70.5994,''),(1692,'0','McAdoo','','','TX','0','USA','','1.5sle','',0,150,'',1000,'',33.7585,-100.991,''),(1693,'0','McFadden Ridge I','','','WY','0','USA','','No Unit Specified','',0,28.5,'',1000,'',41.6384,-105.594,''),(1694,'0','McKinley','','McKinley','MI','0','USA','','1.6-100','',0,16,'',1000,'',44.6469,-83.9372,''),(1695,'0','Meadow Creek','','Idaho Falls','ID','0','USA','','No Unit Specified','',0,119.7,'',1000,'',43.4667,-112.033,''),(1696,'0','Meadow Lake I','6072 S State Road 43','Chalmers','IN','0','USA','','V82-1.65 MW','',0,199.65,'',1000,'',40.6892,-86.9835,''),(1697,'0','Meadow Lake II','6072 S State Road 43','Chalmers','IN','0','USA','','AW-82/1500','',0,99,'',1000,'',40.6766,-86.9824,''),(1698,'0','Meadow Lake III','6072 S State Road 43','','IN','0','USA','','1.5sle','',0,103.5,'',1000,'',40.6302,-87.0914,''),(1699,'0','Meadow Lake IV','6072 S State Road 43','Chalmers','IN','0','USA','','S.88-2.1 MW','',0,98.7,'',1000,'',40.6693,-87.0373,''),(1700,'0','Meadow Lake V','','','IN','0','USA','','','',0,100,'',1000,'',40.7161,-87.0211,''),(1701,'0','Meadow Ridge','','Greenfield','IA','0','USA','','1.6 - 82.5','',0,1.6,'',1000,'',41.39,-94.4458,''),(1702,'0','Medicine Bow','475 Carbon County Road 3','Medicine Bow','WY','0','USA','','No Unit Specified','',0,6.27,'',1000,'',41.8956,-106.204,''),(1703,'0','Mehoopany','','Noxen','PA','0','USA','','1.6 - 82.5','',0,140.8,'',1000,'',41.4214,-76.0589,''),(1704,'0','Mendota Hills','','West Brooklyn','IL','0','USA','','G52-850','',0,55.6,'',1000,'',41.7254,-89.0447,''),(1705,'0','Meridian Trust','','San Gorgonio','CA','0','USA','','No Unit Specified','',0,7.55,'',1000,'',34.1006,-116.828,''),(1706,'0','Meridian Way I','','','KS','0','USA','','V90-3.0MW','',0,105,'',1000,'',39.4796,-97.6982,''),(1707,'0','Meridian Way II','','','KS','0','USA','','V90-3.0MW','',0,96,'',1000,'',39.4796,-97.6982,''),(1708,'0','Mesa Wind','','Palm Springs','CA','0','USA','','No Unit Specified','',0,30,'',1000,'',33.9461,-116.677,''),(1709,'0','Mesalands Community College','911 South Tenth St. Tucumcari','Tucumcari','NM','0','USA','','No Unit Specified/No Unit Specified','',0,1.5,'',1000,'',35.162,-103.736,''),(1710,'0','Mesquite Creek','','','TX','0','USA','','1.7-100','',0,211.2,'',1000,'',32.7,-101.741,''),(1711,'0','Metro Wind','','','MN','0','USA','','No Unit Specified','',0,0.66,'',1000,'',0,0,''),(1712,'0','Meyersdale','','','PA','0','USA','','NM72','',0,48,'',1000,'',39.7883,-79.0054,''),(1713,'0','Miami Energy Center','','Miami','TX','0','USA','','No Unit Specified','',0,288.6,'',1000,'',35.6729,-100.467,''),(1714,'0','Michelangelo Wind 1','','Huxley','IA','0','USA','','No Unit Specified','',0,3.095,'',1000,'',41.881,-93.623,''),(1715,'0','Michelangelo Wind 3','','Huxley','IA','0','USA','','No Unit Specified','',0,3.095,'',1000,'',42.019,-93.514,''),(1716,'0','Michelangelo Wind 4','','Ames','IA','0','USA','','No Unit Specified','',0,3.095,'',1000,'',41.978,-93.7006,''),(1717,'0','Michigan Wind I (Noble Thumb)','1387 East Atwater Road','Ubly','MI','0','USA','','No Unit Specified','',0,69,'',1000,'',43.7525,-82.8876,''),(1718,'0','Michigan Wind II','','Minden City','MI','0','USA','','V100-1.8 MW','',0,90,'',1000,'',43.712,-82.9683,''),(1719,'0','Milford I','','Mildford','UT','0','USA','','No Unit Specified/No Unit Specified','',0,203,'',1000,'',38.5233,-112.936,''),(1720,'0','Milford II','','Milford','UT','0','USA','','No Unit Specified','',0,102,'',1000,'',38.3969,-113.01,''),(1721,'0','Mill Run','','','PA','0','USA','','1.5-70.5','',0,15,'',1000,'',39.9272,-79.6502,''),(1722,'0','Milner Dam','400 S. 1103 W.','Burley','ID','0','USA','','No Unit Specified','',0,19.5,'',1000,'',42.5358,-113.792,''),(1723,'0','Milo Wind Project','','','NM','0','USA','','V100-2.0','',0,49.65,'',1000,'',33.9018,-103.347,''),(1724,'0','Minco','','','OK','0','USA','','No Unit Specified/No Unit Specified','',0,99.2,'',1000,'',35.0473,-97.8722,''),(1725,'0','Minco II','','','OK','0','USA','','No Unit Specified','',0,100.8,'',1000,'',35.0473,-97.8722,''),(1726,'0','Minco III','Cemetery Rd and E1180 Rd','Minco','OK','0','USA','','No Unit Specified','',0,100.8,'',1000,'',35.2452,-98.1038,''),(1727,'0','Minden','','Minden','MI','0','USA','','1.6-100','',0,35.2,'',1000,'',43.67,-82.7351,''),(1728,'0','Minn-Dakota','','','MN','0','USA','','No Unit Specified','',0,150,'',1000,'',44.4212,-96.8351,''),(1729,'0','Minnesota Wind Share (Rock Ridge, South Ridge & Windvest)','','Lake Wilson','MN','0','USA','','No Unit Specified','',0,5.4,'',1000,'',43.963,-95.982,''),(1730,'0','Minonk','','','IL','0','USA','','G9X-2.0','',0,200,'',1000,'',40.8886,-88.9972,''),(1731,'0','Minot I','','Minot','ND','0','USA','','N60','',0,2.6,'',1000,'',0,0,''),(1732,'0','Minot Wind','','Minot','ND','0','USA','','No Unit Specified/No Unit Specified','',0,7.1,'',1000,'',48.2325,-101.296,''),(1733,'0','MinWind I & II','','','MN','0','USA','','No Unit Specified','',0,3.8,'',1000,'',43.6927,-96.3226,''),(1734,'0','MinWind III-IX','','Luverne','MN','0','USA','','No Unit Specified/V82-1.65 MW','',0,11.55,'',1000,'',43.6542,-96.2125,''),(1735,'0','Missouri River Energy Services','','','MN','0','USA','','No Unit Specified','',0,5.5,'',1000,'',43.6233,-95.5952,''),(1736,'0','Mitchell County Desalination Plant','','','TX','0','USA','','No Unit Specified','',0,0.5,'',1000,'',0,0,''),(1737,'0','MMR','','Bourne','MA','0','USA','','No Unit Specified','',0,1.5,'',1000,'',41.7411,-70.5994,''),(1738,'0','Moe Wind Farm','Melville Road','Big Timber','MT','0','USA','','No Unit Specified','',0,0.5,'',1000,'',46.1533,-110.09,''),(1739,'0','Mogul Energy','','Tehachapi','CA','0','USA','','No Unit Specified','',0,4,'',1000,'',35.1322,-118.448,''),(1740,'0','Mohave','14633 Willow Springs Road','Mohave','CA','0','USA','','V90-3.0MW','',0,24,'',1000,'',35.0331,-118.352,''),(1741,'0','Mojave - Oasis','Aqueduct Rd','Mojave','CA','0','USA','','No Unit Specified','',0,60,'',1000,'',35.0177,-118.25,''),(1742,'0','Mojave 16, 17 & 18','','Tehachapi','CA','0','USA','','No Unit Specified','',0,85,'',1000,'',35.1322,-118.448,''),(1743,'0','Mojave 3, 4 & 5','','Mojave','CA','0','USA','','No Unit Specified','',0,75,'',1000,'',35.1322,-118.448,''),(1744,'0','Mojave, Viking, Oasis','','','CA','0','USA','','','',0,243.71,'',1000,'',0,0,''),(1745,'0','Mojave/Morowind','','Tehachapi','CA','0','USA','','No Unit Specified','',0,35.4,'',1000,'',35.1322,-118.448,''),(1746,'0','Montezuma I','','Rio Vista','CA','0','USA','','No Unit Specified','',0,36.8,'',1000,'',38.3105,-121.902,''),(1747,'0','Montezuma II','','','CA','0','USA','','No Unit Specified','',0,78.2,'',1000,'',38.1167,-121.822,''),(1748,'0','Montfort (Badger)','','','WI','0','USA','','No Unit Specified','',0,30,'',1000,'',42.9417,-90.0747,''),(1749,'0','Moorhead','','Moorhead','MN','0','USA','','No Unit Specified','',0,1.5,'',1000,'',46.8739,-96.7672,''),(1750,'0','Moraine Wind II','4 151st St','Woodstock','MN','0','USA','','No Unit Specified','',0,49.5,'',1000,'',44.0743,-96.0165,''),(1751,'0','Moraine Wind Power Project','4 151st St','Woodstock','MN','0','USA','','No Unit Specified','',0,51,'',1000,'',43.9973,-96.3226,''),(1752,'0','Morning Light','','','IA','0','USA','','SWT-2.3-108','',0,101.2,'',1000,'',41.4542,-94.5751,''),(1753,'0','Morwind','','Mojave','CA','0','USA','','','',0,55.868,'',1000,'',0,0,''),(1754,'0','Mount Wachusett Community College','444 Green St.','Gardner','MA','0','USA','','V82-1.65 MW','',0,3.3,'',1000,'',42.5932,-71.9842,''),(1755,'0','Mount Wachusetts','','Princeton','MA','0','USA','','No Unit Specified','',0,3,'',1000,'',42.4486,-71.8778,''),(1756,'0','Mountain Air - Cold Springs','','Mountain Home','ID','0','USA','','SWT-2.3/101','',0,23,'',1000,'',43.1331,-115.69,''),(1757,'0','Mountain Air - Desert Meadow','','Mountain Home','ID','0','USA','','SWT-2.3/101','',0,23,'',1000,'',43.1331,-115.69,''),(1758,'0','Mountain Air - Hammett Hill','','Mountain Home','ID','0','USA','','SWT-2.3/101','',0,23,'',1000,'',43.1331,-115.69,''),(1759,'0','Mountain Air - Mainline','','Mountain Home','ID','0','USA','','SWT-2.3/101','',0,23,'',1000,'',43.1331,-115.69,''),(1760,'0','Mountain Air - Ryegrass','','Mountain Home','ID','0','USA','','SWT-2.3/101','',0,23,'',1000,'',43.1331,-115.69,''),(1761,'0','Mountain Air - Two Ponds','','Mountain Home','ID','0','USA','','SWT-2.3/101','',0,23,'',1000,'',43.1331,-115.69,''),(1762,'0','Mountain Home (Hot Springs)','18645 Old Oregon Trail Rd','Mountain Home','ID','0','USA','','S.88-2.1 MW','',0,42,'',1000,'',43.1331,-115.69,''),(1763,'0','Mountain Lake','Golf Course Road','Mountain Lake','MN','0','USA','','No Unit Specified','',0,1.2,'',1000,'',43.9406,-94.9435,''),(1764,'0','Mountain View I','','San Gorgonio','CA','0','USA','','No Unit Specified/No Unit Specified','',0,44.4,'',1000,'',34.1006,-116.828,''),(1765,'0','Mountain View II','','San Gorgonio','CA','0','USA','','No Unit Specified','',0,22.2,'',1000,'',34.1006,-116.828,''),(1766,'0','Mountain View III','','San Gorgonio','CA','0','USA','','V47 - 660 kw','',0,22.44,'',1000,'',34.1006,-116.828,''),(1767,'0','Mountain View IV','','San Gorgonio','CA','0','USA','','MWT62/1.0','',0,49,'',1000,'',34.1006,-116.828,''),(1768,'0','Mountain Wind I','1748 Co Rd 202','Fort Bridger','WY','0','USA','','S.88-2.1 MW','',0,60.9,'',1000,'',41.2953,-110.519,''),(1769,'0','Mountain Wind II','','Fort Bridger','WY','0','USA','','No Unit Specified','',0,80,'',1000,'',41.2738,-110.558,''),(1770,'0','Mountaineer','','','WV','0','USA','','No Unit Specified','',0,90,'',1000,'',39.1868,-79.5324,''),(1771,'0','Mower County - G330','','','MN','0','USA','','','',0,19,'',1000,'',43.6141,-92.5988,''),(1772,'0','Mozart','','','TX','0','USA','','N100/2500','',0,30,'',1000,'',0,0,''),(1773,'0','Munnsville','','Munnsville','NY','0','USA','','No Unit Specified','',0,34.5,'',1000,'',42.916,-75.5671,''),(1774,'0','Murray various','','','MN','0','USA','','No Unit Specified','',0,10,'',1000,'',44.0243,-95.8143,''),(1775,'0','Musselshell I & II','','Shawmut','MT','0','USA','','No Unit Specified/No Unit Specified','',0,20,'',1000,'',46.3425,-109.524,''),(1776,'0','Mustang Hills, LLC (FKA Alta Wind VI)','','Mojave','CA','0','USA','','V90-3.0MW','',0,150,'',1000,'',35.1322,-118.448,''),(1777,'0','MWRA Deer Island Wind','Deer Island, Deer Island Road','Winthrop','MA','0','USA','','No Unit Specified','',0,1.2,'',1000,'',42.375,-70.9833,''),(1778,'0','Mystic Lake','2330 Sioux Trail Northwest','Prior Lake','MN','0','USA','','','',0,1.5,'',1000,'',44.737,-93.4733,''),(1779,'0','NAE Shaokatan Power Partners','','Hendricks','MN','0','USA','','G52-850','',0,1.7,'',1000,'',44.5072,-96.4239,''),(1780,'0','National Wind Technology Center','','Boulder','CO','0','USA','','No Unit Specified/No Unit Specified/No Unit Specified','',0,3.8,'',1000,'',40.015,-105.27,''),(1781,'0','National Wind Technology Center','','','CO','0','USA','','ECO 100','',0,3,'',1000,'',39.9071,-105.236,''),(1782,'0','NBC Fields Point','','Providence','RI','0','USA','','No Unit Specified/No Unit Specified','',0,4.5,'',1000,'',41.7942,-71.3889,''),(1783,'0','NedPower Mount Storm I','','Petersburg','WV','0','USA','','G80-2.0','',0,164,'',1000,'',39.2223,-79.2083,''),(1784,'0','NedPower Mount Storm II','','','WV','0','USA','','G80-2.0','',0,100,'',1000,'',39.2223,-79.2083,''),(1785,'0','Nemaha','','','KS','0','USA','','1.5sle','',0,135,'',1000,'',40.0898,-95.6458,''),(1786,'0','Neppel Wind Power Project','','Armstrong','IA','0','USA','','No Unit Specified','',0,1.5,'',1000,'',43.3961,-94.4781,''),(1787,'0','Nestle Waters','14020 Elm Street','Cabazon','CA','0','USA','','1.6xle','',0,3.2,'',1000,'',33.9145,-116.752,''),(1788,'0','New Creek','','Keyser','WV','0','USA','','G90-2.0/No Unit Specified','',0,102.5,'',1000,'',39.2006,-79.1406,''),(1789,'0','New Harvest','','','IA','0','USA','','G87-2.0','',0,100,'',1000,'',42.0347,-95.3102,''),(1790,'0','New London','','New London','IA','0','USA','','No Unit Specified','',0,1.5,'',1000,'',40.955,-91.3944,''),(1791,'0','New Mexico Wind (Taiban Mesa)','','','NM','0','USA','','No Unit Specified','',0,204,'',1000,'',34.6839,-104.048,''),(1792,'0','Newburyport Industrial Park - Mark Richey Woodworking','40 Parker Street','Newburyport','MA','0','USA','','No Unit Specified/No Unit Specified','',0,0.6,'',1000,'',42.8029,-70.8807,''),(1793,'0','Nine Canyon I','','Kennewick','WA','0','USA','','No Unit Specified','',0,48.1,'',1000,'',46.2114,-119.136,''),(1794,'0','Nine Canyon II','','Kennewick','WA','0','USA','','No Unit Specified','',0,15.6,'',1000,'',46.2114,-119.136,''),(1795,'0','Nine Canyon III','','Kennewick','WA','0','USA','','No Unit Specified','',0,32.2,'',1000,'',46.2114,-119.136,''),(1796,'0','Ninnescah','','','KS','0','USA','','No Unit Specified','',0,208.3,'',1000,'',37.5867,-98.5793,''),(1797,'0','Noble Altona Windpark','Duley Rd','Altona','NY','0','USA','','1.5sle/No Unit Specified/No Unit Specified','',0,97.5,'',1000,'',44.8333,-73.6625,''),(1798,'0','Noble Bliss Windpark','','','NY','0','USA','','No Unit Specified','',0,100.5,'',1000,'',42.6421,-78.202,''),(1799,'0','Noble Chateaugay Windpark','','','NY','0','USA','','1.5sle/No Unit Specified','',0,106.5,'',1000,'',44.9011,-73.9806,''),(1800,'0','Noble Clinton Windpark','','','NY','0','USA','','No Unit Specified','',0,100.5,'',1000,'',44.7904,-73.6006,''),(1801,'0','Noble Ellenburg Windpark','','','NY','0','USA','','No Unit Specified','',0,81,'',1000,'',44.7904,-73.6006,''),(1802,'0','Noble Great Plains Windpark','','','TX','0','USA','','No Unit Specified','',0,114,'',1000,'',36.3184,-101.434,''),(1803,'0','Noble Wethersfield Windpark','','','NY','0','USA','','1.5sle/No Unit Specified/No Unit Specified','',0,124,'',1000,'',42.6327,-78.2356,''),(1804,'0','Nobles','','','MN','0','USA','','No Unit Specified/No Unit Specified/No Unit Specified','',0,201,'',1000,'',43.7356,-95.8672,''),(1805,'0','Nobles','','','MN','0','USA','','No Unit Specified','',0,2.1,'',1000,'',43.7036,-95.7131,''),(1806,'0','Norgaard','1842 166th Avenue','Lake Benton','MN','0','USA','','S64-1.25 MW','',0,8.75,'',1000,'',43.6078,-96.8869,''),(1807,'0','North Allegheny','','','PA','0','USA','','G87-2.0','',0,70,'',1000,'',40.4894,-78.7476,''),(1808,'0','North Dakota I & II','','','ND','0','USA','','No Unit Specified','',0,61.5,'',1000,'',46.3089,-98.8791,''),(1809,'0','North Shaokatan','','','MN','0','USA','','V47 - 660 kw','',0,11.88,'',1000,'',44.4507,-96.3226,''),(1810,'0','North Sky River Wind Project','Jawbone Canyon Road, Kelso Valley Road','Tehachapi, Twin Oaks, Walker Basin','CA','0','USA','','No Unit Specified','',0,163,'',1000,'',35.3577,-118.155,''),(1811,'0','Northern Colorado Wind Energy Center','','','CO','0','USA','','No Unit Specified/No Unit Specified','',0,174.3,'',1000,'',40.948,-103.051,''),(1812,'0','Northern Lights Wind (West Pipestone Projects)','','Pipestone','MN','0','USA','','No Unit Specified','',0,1.65,'',1000,'',44.025,-96.437,''),(1813,'0','Northpoint Energy','','Byron','CA','0','USA','','','',0,15.5,'',1000,'',0,0,''),(1814,'0','Northwind Energy','','','CA','0','USA','','','',0,13,'',1000,'',0,0,''),(1815,'0','Notrees','','','TX','0','USA','','No Unit Specified/V82-1.65 MW/No Unit Specified','',0,153,'',1000,'',32.0053,-102.836,''),(1816,'0','Notus','Falmouth Technology Park','Falmouth','MA','0','USA','','V82-1.65 MW/No Unit Specified','',0,1.65,'',1000,'',41.6083,-70.6089,''),(1817,'0','Novus I','3560 Road II','Guymon','OK','0','USA','','DeWind D9.2','',0,80,'',1000,'',36.6828,-101.481,''),(1818,'0','Novus II','','','OK','0','USA','','No Unit Specified','',0,40,'',1000,'',0,0,''),(1819,'0','NY/NJ Port Authority','','Bayonne','NJ','0','USA','','','',0,7.5,'',1000,'',40.6686,-74.1147,''),(1820,'0','NYS Thruway Authority Wind Project','','Dunkirk','NY','0','USA','','','',0,0.5,'',1000,'',42.4794,-79.3342,''),(1821,'0','Oak Creek','','Tehachapi','CA','0','USA','','','',0,27.874,'',1000,'',0,0,''),(1822,'0','Oak Creek - Phase 2A','','Tehachapi','CA','0','USA','','No Unit Specified','',0,1.6,'',1000,'',35.0458,-118.277,''),(1823,'0','Oak Creek - Zephyr Park I & II','','','CA','0','USA','','','',0,32.12,'',1000,'',0,0,''),(1824,'0','Oak Creek Energy Systems','','Tehachapi','CA','0','USA','','No Unit Specified','',0,5.61,'',1000,'',35.1322,-118.448,''),(1825,'0','Oak Creek Phase I (ON-Energy)','','Tehachapi','CA','0','USA','','No Unit Specified','',0,4.2,'',1000,'',35.1322,-118.448,''),(1826,'0','Oak Creek Wind Power Phase 1 (AKA Zephyr Park)','','Mojave','CA','0','USA','','','',0,3.5,'',1000,'',0,0,''),(1827,'0','Oak Creek Wind Power Phase 2','10315 Oak Creek Road','Mojave','CA','0','USA','','No Unit Specified','',0,23.1,'',1000,'',35.1322,-118.448,''),(1828,'0','Oak Glen','','Blooming Prairie','MN','0','USA','','V90-1.8 MW','',0,43.2,'',1000,'',43.8667,-93.0508,''),(1829,'0','Oak Tree','42563 168th St','Clark','SD','0','USA','','No Unit Specified/No Unit Specified','',0,19.5,'',1000,'',44.3932,-99.9867,''),(1830,'0','Oakfield','','Oakfield','ME','0','USA','','No Unit Specified/V112-3.0','',0,148,'',1000,'',46.08,-68.1273,''),(1831,'0','O\'Brien','','','IA','0','USA','','No Unit Specified','',0,250,'',1000,'',43.2004,-95.6243,''),(1832,'0','Ocotillo','','Ocotillo','CA','0','USA','','SWT-2.3-108','',0,265.4,'',1000,'',32.7518,-116.077,''),(1833,'0','Ocotillo Windpower','','','TX','0','USA','','S.88-2.1 MW','',0,59,'',1000,'',32.1226,-101.378,''),(1834,'0','Odell Wind Farm','','','MN','0','USA','','V110-2.0 MW','',0,200,'',1000,'',43.8543,-94.9897,''),(1835,'0','Odin','','Odin','MN','0','USA','','No Unit Specified','',0,20,'',1000,'',43.8664,-94.7425,''),(1836,'0','Oilton','','Oilton','TX','0','USA','','','',0,84,'',1000,'',27.4656,-98.9739,''),(1837,'0','Oklahoma (AKA Sooner)','','','OK','0','USA','','No Unit Specified','',0,102,'',1000,'',36.625,-99.5183,''),(1838,'0','Old Settler Wind','','','TX','0','USA','','No Unit Specified','',0,151.2,'',1000,'',34.0603,-101.188,''),(1839,'0','Oliver County Wind I','','','ND','0','USA','','No Unit Specified','',0,50.6,'',1000,'',47.1638,-101.216,''),(1840,'0','Oliver County Wind II','','','ND','0','USA','','No Unit Specified','',0,48.6,'',1000,'',47.1638,-101.221,''),(1841,'0','Oliver County Wind III','','Center','ND','0','USA','','No Unit Specified','',0,100,'',1000,'',46.9571,-101.168,''),(1842,'0','Olsen','','','MN','0','USA','','No Unit Specified','',0,1.5,'',1000,'',43.9973,-96.3226,''),(1843,'0','Omaha','','Omaha','NE','0','USA','','No Unit Specified','',0,0.66,'',1000,'',41.2586,-95.9375,''),(1844,'0','Optimum Wind 3','','Nevada','IA','0','USA','','No Unit Specified','',0,3.095,'',1000,'',42.019,-93.514,''),(1845,'0','Optimum Wind 4','','Nevada','IA','0','USA','','No Unit Specified','',0,3.095,'',1000,'',42.0164,-93.5158,''),(1846,'0','Optimum Wind 5','','Nevada','IA','0','USA','','No Unit Specified','',0,3.095,'',1000,'',42.014,-93.5181,''),(1847,'0','Optimum Wind 6','','Nevada','IA','0','USA','','No Unit Specified','',0,3.095,'',1000,'',42.0069,-93.5236,''),(1848,'0','Optimum Wind 7','','Nevada','IA','0','USA','','No Unit Specified','',0,3.095,'',1000,'',42.0283,-93.4303,''),(1849,'0','Orangeville Wind Farm (FKA Stony Creek)','','Orangeville','NY','0','USA','','1.6-100','',0,94,'',1000,'',42.7621,-78.2258,''),(1850,'0','Oregon Trail','289 East 5900 North','Hagerman','ID','0','USA','','No Unit Specified','',0,13.5,'',1000,'',42.8122,-114.898,''),(1851,'0','Oregon Trail Windfarm','','Echo','OR','0','USA','','V82-1.65 MW','',0,9.9,'',1000,'',45.7122,-119.404,''),(1852,'0','Origin Wind Energy Project','','','OK','0','USA','','V100-2.0','',0,150,'',1000,'',34.4986,-97.1164,''),(1853,'0','Osage','','','OK','0','USA','','1.6-100','',0,150,'',1000,'',36.6189,-96.2376,''),(1854,'0','Osage Utilites','','','IA','0','USA','','No Unit Specified','',0,1.5,'',1000,'',43.2797,-92.8106,''),(1855,'0','Osborn','','St. Joseph','MO','0','USA','','No Unit Specified','',0,200.9,'',1000,'',39.7477,-94.4735,''),(1856,'0','Otis National Guard Air Base','Camp Edwards, Reilly Street','Buzzards Bay','MA','0','USA','','No Unit Specified','',0,1.5,'',1000,'',41.6589,-70.5218,''),(1857,'0','OU Spirit (Keenan)','','Woodward','OK','0','USA','','SWT 2.3/82','',0,101.2,'',1000,'',36.5687,-99.2908,''),(1858,'0','Pacific Canyon Windfarm','','Echo','OR','0','USA','','V82-1.65 MW','',0,8.25,'',1000,'',45.6542,-119.487,''),(1859,'0','Pacific Crest','','Mojave','CA','0','USA','','V47 - 660 kw','',0,46.9,'',1000,'',35.0461,-118.315,''),(1860,'0','Pacific West I','','San Gorgonio','CA','0','USA','','No Unit Specified','',0,2.1,'',1000,'',34.1006,-116.828,''),(1861,'0','Pacific Wind','','','CA','0','USA','','MM92/No Unit Specified','',0,140,'',1000,'',35.4937,-118.86,''),(1862,'0','Painted Hills Windpark','','Desert Hot Springs','CA','0','USA','','No Unit Specified','',0,19.045,'',1000,'',33.936,-116.62,''),(1863,'0','Pakini Nui (FKA Kamaoa Wind Farm)','','South Point( Big Island)','HI','0','USA','','No Unit Specified/No Unit Specified','',0,21,'',1000,'',21.2259,-156.948,''),(1864,'0','Palmdale Water District - Wind','','Palmdale','CA','0','USA','','No Unit Specified','',0,0.95,'',1000,'',34.5559,-118.118,''),(1865,'0','Palo Alto','','Ruthven & Ayrshire','IA','0','USA','','No Unit Specified','',0,2.1,'',1000,'',42.0369,-93.4664,''),(1866,'0','Palo Duro','','','TX','0','USA','','No Unit Specified/D8.2','',0,249,'',1000,'',35.3039,-102.671,''),(1867,'0','Palouse Wind','State Route 195','Oakesdale','WA','0','USA','','V100-1.8 MW','',0,105.27,'',1000,'',47.1283,-117.242,''),(1868,'0','Panhandle','1797 FM 2385','Panhandle','TX','0','USA','','No Unit Specified','',0,218,'',1000,'',35.4315,-101.229,''),(1869,'0','Panhandle 2','','Amarillo','TX','0','USA','','SWT-2.3-108','',0,182,'',1000,'',35.4576,-101.387,''),(1870,'0','Pantex Renewable Energy Project (PREP)','FM 2373 and Hwy. 60','Amarillo','TX','0','USA','','No Unit Specified','',0,11.5,'',1000,'',35.3028,-101.562,''),(1871,'0','Panther Creek I','904 North McDonald Road','Big Spring','TX','0','USA','','No Unit Specified','',0,142.5,'',1000,'',32.0146,-101.23,''),(1872,'0','Panther Creek II','904 North McDonald Road','Big Spring','TX','0','USA','','No Unit Specified','',0,115.5,'',1000,'',32.2014,-101.407,''),(1873,'0','Panther Creek III','904 North McDonald Road','Big Spring','TX','0','USA','','1.5sle','',0,199.5,'',1000,'',32.1992,-101.416,''),(1874,'0','Papalote Creek I','5419 County Road 3161','Taft','TX','0','USA','','V66 - 1.65 MW','',0,179.85,'',1000,'',27.9676,-97.434,''),(1875,'0','Papalote Creek II','5419 County Road 3161','Taft','TX','0','USA','','SWT 2.3/82/No Unit Specified','',0,200,'',1000,'',27.9786,-97.3983,''),(1876,'0','Passadumkeag Wind Park','','Grand Falls','ME','0','USA','','V112-3.3 MW','',0,42.9,'',1000,'',45.1309,-68.3581,''),(1877,'0','Patton','','Carroll Township','PA','0','USA','','G97-2.0 MW/No Unit Specified','',0,30,'',1000,'',40.695,-79.3417,''),(1878,'0','PaTu','N. Klondike Rd.','Wasco','OR','0','USA','','1.5sle','',0,9,'',1000,'',45.5396,-120.601,''),(1879,'0','Payne\'s Ferry','186 East 5700 North','Hagerman','ID','0','USA','','No Unit Specified','',0,21,'',1000,'',42.8122,-114.898,''),(1880,'0','Peak View','','','CO','0','USA','','No Unit Specified','',0,60,'',1000,'',37.7104,-104.505,''),(1881,'0','Pebble Springs','','','OR','0','USA','','No Unit Specified','',0,98.7,'',1000,'',45.5923,-120.183,''),(1882,'0','Peetz Table Wind Power Plant (aka Ridgecrest)','','Peetz','CO','0','USA','','No Unit Specified','',0,29.7,'',1000,'',40.9628,-103.112,''),(1883,'0','Peetz Table/Logan Wind Energy Centers','','Peetz','CO','0','USA','','No Unit Specified','',0,400.5,'',1000,'',40.9804,-103.151,''),(1884,'0','Penascal I','','Sarita','TX','0','USA','','MWT92/2.4','',0,201.6,'',1000,'',27.0025,-97.5989,''),(1885,'0','Penascal II','','Sarita','TX','0','USA','','MWT92/2.4','',0,201.6,'',1000,'',27.0025,-97.5989,''),(1886,'0','Penascal III (AKA Baffin)','','','TX','0','USA','','G97-2.0 MW','',0,202,'',1000,'',27.0025,-97.5989,''),(1887,'0','Perrin Ranch','','Williams','AZ','0','USA','','1.6xle','',0,99.2,'',1000,'',35.4014,-112.272,''),(1888,'0','Petersberg','','Petersberg','ND','0','USA','','NM52-900kw','',0,0.9,'',1000,'',0,0,''),(1889,'0','Petersburg','','Petersburg','NE','0','USA','','1.5xle','',0,40.5,'',1000,'',41.8533,-98.0783,''),(1890,'0','Pettisville High School','232 Summit Street','Pettisville','OH','0','USA','','AW 54-750kW','',0,0.75,'',1000,'',41.5281,-84.2253,''),(1891,'0','Pheasant Run I','','Winsor','MI','0','USA','','No Unit Specified','',0,75,'',1000,'',43.778,-83.3058,''),(1892,'0','Philips Light Bulb Plant','','Falls River','MA','0','USA','','No Unit Specified','',0,2,'',1000,'',0,0,''),(1893,'0','Philips Lightolier','631 Airport Road','Fall River','MA','0','USA','','No Unit Specified','',0,1.5,'',1000,'',41.746,-71.1171,''),(1894,'0','Phoenix','','San Gorgonio','CA','0','USA','','No Unit Specified','',0,12.1,'',1000,'',34.1006,-116.828,''),(1895,'0','Phoenix Wind Power','','','CA','0','USA','','No Unit Specified','',0,2.1,'',1000,'',33.7437,-115.993,''),(1896,'0','Pike County','','','IL','0','USA','','No Unit Specified','',0,1.65,'',1000,'',39.5662,-90.8294,''),(1897,'0','Pilgrim Station','244 East 5500 North','Twin Falls','ID','0','USA','','No Unit Specified','',0,10.5,'',1000,'',42.8122,-114.898,''),(1898,'0','Pillar Mountain (Kodiak Island)','','Kodiak','AK','0','USA','','1.5sle','',0,9,'',1000,'',57.7908,-152.426,''),(1899,'0','Pilot Hill (Kempton)','','','IL','0','USA','','1.85-82.5/1.7-100','',0,175,'',1000,'',40.9992,-88.0563,''),(1900,'0','Pine Tree (Wind)','','Mojave','CA','0','USA','','No Unit Specified','',0,135,'',1000,'',35.019,-118.218,''),(1901,'0','Pinnacle','','Keyser','WV','0','USA','','MWT-95/2.4','',0,55.2,'',1000,'',39.4408,-78.9742,''),(1902,'0','Pinnebog Wind Farm (AKA Meade)','','Chandler','MI','0','USA','','No Unit Specified','',0,50,'',1000,'',0,0,''),(1903,'0','Pinyon Pines Wind I & II (FKA Alta Wind VII & IX)','','Tehachapi','CA','0','USA','','V90-3.0MW','',0,300,'',1000,'',35.0103,-118.302,''),(1904,'0','Pioneer Grove','','Mechanicsville','IA','0','USA','','AW-116/3000','',0,6,'',1000,'',41.9044,-91.2544,''),(1905,'0','Pioneer Prairie I','','','IA','0','USA','','V82-1.65 MW','',0,198,'',1000,'',43.3711,-92.8577,''),(1906,'0','Pioneer Prairie II','','','IA','0','USA','','V82-1.65 MW','',0,102.3,'',1000,'',43.3711,-92.8577,''),(1907,'0','Pioneer Trail','','Button','IL','0','USA','','1.6xle','',0,150.4,'',1000,'',40.1267,-89.3627,''),(1908,'0','Pioneer Wind Park I','','Glenrock','WY','0','USA','','No Unit Specified','',0,80,'',1000,'',42.7282,-105.867,''),(1909,'0','Pipestone','','','MN','0','USA','','','',0,2,'',1000,'',44.0236,-96.0789,''),(1910,'0','Pipestone Schools','','Pipestone','MN','0','USA','','NM750','',0,0.75,'',1000,'',44.0006,-96.3172,''),(1911,'0','Pisgah Mountain','','Clifton','ME','0','USA','','V90-1.8 MW','',0,9.1,'',1000,'',44.7773,-68.5234,''),(1912,'0','Pleasant Valley (FKA Wyoming Wind Energy Center)','','Evanston','WY','0','USA','','No Unit Specified/No Unit Specified','',0,144,'',1000,'',41.3407,-110.803,''),(1913,'0','Pleasant Valley Wind Farm','','Austin','MN','0','USA','','V100-2.0','',0,200,'',1000,'',43.8906,-92.8475,''),(1914,'0','Pocahontas Prairie','','','IA','0','USA','','No Unit Specified','',0,80,'',1000,'',42.5681,-94.6581,''),(1915,'0','Pomeroy III','','','IA','0','USA','','1.5sle','',0,58.5,'',1000,'',42.6918,-94.645,''),(1916,'0','Pomeroy I-II','','','IA','0','USA','','No Unit Specified','',0,198,'',1000,'',42.6918,-94.645,''),(1917,'0','Pomeroy IV','','Pomeroy','IA','0','USA','','SWT 2.3/82','',0,29.9,'',1000,'',42.6918,-94.645,''),(1918,'0','Ponnequin','','','CO','0','USA','','No Unit Specified','',0,31.5,'',1000,'',40.5266,-104.472,''),(1919,'0','Portsmouth Abbey School','285 Corvs Ln.','Portsmouth','RI','0','USA','','No Unit Specified','',0,0.66,'',1000,'',41.6022,-71.2508,''),(1920,'0','Portsmouth High School','Portsmouth High School, 120 Education Lane','Portsmouth','RI','0','USA','','A-1500','',0,1.5,'',1000,'',41.6143,-71.2514,''),(1921,'0','Post Rock','','','KS','0','USA','','1.5 - 82.5','',0,201,'',1000,'',39.1136,-98.2213,''),(1922,'0','Power County','Power County Wind Park North, 3497 Garden Road','American Falls','ID','0','USA','','N100/2500','',0,45,'',1000,'',42.7861,-112.854,''),(1923,'0','Prairie Breeze','','','NE','0','USA','','No Unit Specified','',0,200.6,'',1000,'',41.7172,-98.0465,''),(1924,'0','Prairie Breeze II','','','NE','0','USA','','1.7-100','',0,73.5,'',1000,'',41.9877,-98.2104,''),(1925,'0','Prairie Breeze III','','','NE','0','USA','','No Unit Specified','',0,36,'',1000,'',41.9877,-98.2104,''),(1926,'0','Prairie Rive','','','MN','0','USA','','','',0,1,'',1000,'',47.2847,-93.4999,''),(1927,'0','Prairie Rose','','Hardwick','MN','0','USA','','No Unit Specified','',0,200,'',1000,'',43.771,-96.3362,''),(1928,'0','Prairie Star','','','MN','0','USA','','V82-1.65 MW','',0,100.65,'',1000,'',43.6825,-92.6984,''),(1929,'0','Prairie Wind Power','','Worthington','MN','0','USA','','No Unit Specified','',0,4,'',1000,'',43.62,-95.5961,''),(1930,'0','Prairie Winds','','Minot','ND','0','USA','','No Unit Specified','',0,2.6,'',1000,'',48.2325,-101.296,''),(1931,'0','PrairieWinds ND 1','','Minot','ND','0','USA','','No Unit Specified','',0,115,'',1000,'',48.2325,-101.296,''),(1932,'0','Princeton Municipal Light Department','Stage Coach Trail','Princeton','MA','0','USA','','No Unit Specified','',0,3,'',1000,'',42.477,-71.8996,''),(1933,'0','Prospector','','','OR','0','USA','','No Unit Specified','',0,10,'',1000,'',44.4181,-117.255,''),(1934,'0','Providence Heights','','Indiantown','IL','0','USA','','G87-2.0','',0,72,'',1000,'',41.2599,-89.5707,''),(1935,'0','Providence Township','','New Providence','PA','0','USA','','','',0,7.4,'',1000,'',0,0,''),(1936,'0','Pueblo','100 Tower Drive','Pueblo','CO','0','USA','','V100-1.8 MW','',0,1.8,'',1000,'',38.2544,-104.609,''),(1937,'0','PYCO Industries','','Lubbock','TX','0','USA','','No Unit Specified','',0,10,'',1000,'',33.554,-101.795,''),(1938,'0','Pyron (Roscoe III)','200 E Broadway','Roscoe','TX','0','USA','','1.5sl','',0,249,'',1000,'',32.6324,-100.696,''),(1939,'0','Quilt Block','','Seymour','WI','0','USA','','','',0,98,'',1000,'',42.69,-90.236,''),(1940,'0','Rabideau Grain & Lumber','745 South Elliott Street','Clifton','IL','0','USA','','No Unit Specified','',0,0.51,'',1000,'',40.9306,-87.9387,''),(1941,'0','Radford\'s Run (AKA Twin Forks Wind Farm)','','','IL','0','USA','','No Unit Specified','',0,351,'',1000,'',40.0111,-89.0472,''),(1942,'0','Rail Splitter','201 NW Main Street','Hopedale','IL','0','USA','','1.5sle','',0,100.5,'',1000,'',40.3426,-89.4139,''),(1943,'0','Ralls','1247 State Hwy #207','Ralls','TX','0','USA','','No Unit Specified','',0,10,'',1000,'',33.6829,-101.388,''),(1944,'0','Rattlesnake','','','TX','0','USA','','1.7-100','',0,207,'',1000,'',31.9123,-101.616,''),(1945,'0','Rattlesnake Road','','Arlington','OR','0','USA','','S.88-2.1 MW','',0,102.9,'',1000,'',45.6567,-120.234,''),(1946,'0','Record Hill','229 Roxbury Notch Road','Roxbury','ME','0','USA','','SWT 2.3/82','',0,50.6,'',1000,'',44.6625,-70.6297,''),(1947,'0','Red Canyon (Post)','County Road 432','Fluvanna','TX','0','USA','','No Unit Specified','',0,84,'',1000,'',32.9261,-101.213,''),(1948,'0','Red Hills','','','OK','0','USA','','AW-82/1500','',0,123,'',1000,'',35.5319,-99.4039,''),(1949,'0','Red Horse 2 (Wind)','Warbonnet Ranch Road','Willcox','AZ','0','USA','','V100-2.0','',0,51,'',1000,'',32.2978,-110.124,''),(1950,'0','Red Mesa','Lobo Ranch','','NM','0','USA','','No Unit Specified','',0,102.4,'',1000,'',35.2444,-107.371,''),(1951,'0','Redbed Plains Wind Farm','','','OK','0','USA','','No Unit Specified','',0,99.1,'',1000,'',35.277,-95.875,''),(1952,'0','Redwood Falls','','','MN','0','USA','','No Unit Specified','',0,3.3,'',1000,'',44.5028,-95.175,''),(1953,'0','Reese Technology Center','','Lubbock','TX','0','USA','','G114','',0,2,'',1000,'',0,0,''),(1954,'0','Ridgetop I','','Mojave','CA','0','USA','','','',0,65,'',1000,'',35.0697,-118.317,''),(1955,'0','Ridgetop II','Oak Creek Rd','Mojave','CA','0','USA','','No Unit Specified/No Unit Specified','',0,28.31,'',1000,'',35.0464,-118.284,''),(1956,'0','Ridgewind','','Woodstock','MN','0','USA','','SWT 2.3/82/No Unit Specified','',0,23.5,'',1000,'',44.0097,-96.0809,''),(1957,'0','Rim Rock','','','MT','0','USA','','AW-77/1500','',0,189,'',1000,'',48.7811,-112.248,''),(1958,'0','Ringer Hill','','Elk Lick','PA','0','USA','','2.85 - 103','',0,39.9,'',1000,'',39.7909,-79.2626,''),(1959,'0','Rippey','Highway 144','Grand Junction','IA','0','USA','','N100/2500','',0,50,'',1000,'',41.9937,-94.2226,''),(1960,'0','Rising Tree','','Mojave','CA','0','USA','','No Unit Specified','',0,79.2,'',1000,'',35.0775,-118.218,''),(1961,'0','Rising Tree II','','Mojave','CA','0','USA','','No Unit Specified','',0,19.8,'',1000,'',35.0889,-118.206,''),(1962,'0','Rising Tree III (AKA Rising Tree North)','','','CA','0','USA','','No Unit Specified','',0,99,'',1000,'',35.0606,-118.243,''),(1963,'0','River Plant','','Victorville','CA','0','USA','','No Unit Specified','',0,3.2,'',1000,'',0,0,''),(1964,'0','Riverside','','','CA','0','USA','','','',0,7.5,'',1000,'',33.9131,-116.563,''),(1965,'0','Robertson\'s Ready Mix','13990 Morongo Trail','Cabazon','CA','0','USA','','1.5sle','',0,3,'',1000,'',33.9197,-116.808,''),(1966,'0','Rock Creek','','','MO','0','USA','','No Unit Specified','',0,300,'',1000,'',40.4782,-95.2173,''),(1967,'0','Rock River','','Arlington','WY','0','USA','','No Unit Specified','',0,50,'',1000,'',41.6032,-106.912,''),(1968,'0','Rockland','','American Falls','ID','0','USA','','No Unit Specified/V100-1.8 MW','',0,79.86,'',1000,'',42.675,-112.902,''),(1969,'0','Rocksprings 1 (AKA Val Verde Wind)','','','TX','0','USA','','No Unit Specified','',0,150,'',1000,'',30.0248,-100.407,''),(1970,'0','Rocky Ridge I','','','OK','0','USA','','No Unit Specified','',0,148.8,'',1000,'',35.3234,-98.9245,''),(1971,'0','Rolling Hills','Dave Johnston Coal Mine','','WY','0','USA','','No Unit Specified','',0,99,'',1000,'',43.0489,-105.407,''),(1972,'0','Rolling Hills','','','IA','0','USA','','No Unit Specified/No Unit Specified/SWT-2.3-108/SWT-2.3/101/No Unit Specified','',0,446.2,'',1000,'',41.1973,-94.7744,''),(1973,'0','Rollins','','Lincoln','ME','0','USA','','No Unit Specified/1.5sle','',0,60,'',1000,'',45.3743,-68.3648,''),(1974,'0','Roosevelt','','','NM','0','USA','','V100-2.0','',0,300,'',1000,'',33.9373,-103.458,''),(1975,'0','Roscoe I','','','TX','0','USA','','MWT-1000 A','',0,209,'',1000,'',32.2825,-100.289,''),(1976,'0','Rosiere','','Lincoln','WI','0','USA','','V47 - 660 kw','',0,11.22,'',1000,'',44.5203,-87.3811,''),(1977,'0','Roth Rock','2860 Wind Park Way','Oakland','MD','0','USA','','N90-2.5','',0,50,'',1000,'',39.4186,-76.8842,''),(1978,'0','Route 66 Wind Power','','','TX','0','USA','','V100-2.0','',0,150,'',1000,'',35.1783,-101.388,''),(1979,'0','Rugby','','Rugby','ND','0','USA','','S.88-2.1 MW','',0,147,'',1000,'',48.5,-99.9353,''),(1980,'0','Rush Springs Wind Energy Center','','Rush Springs','OK','0','USA','','No Unit Specified','',0,250,'',1000,'',34.6829,-97.8293,''),(1981,'0','Ruthton','','','MN','0','USA','','No Unit Specified','',0,15.84,'',1000,'',44.4507,-96.3226,''),(1982,'0','Ruthton Ridge LLC','','','MN','0','USA','','V47 - 660 kw','',0,1.9,'',1000,'',44.2128,-96.2131,''),(1983,'0','S&P Windfarm LLC','','Brewster','MN','0','USA','','','',0,2,'',1000,'',43.6514,-95.3825,''),(1984,'0','Saddleback Ridge','1070 U.S. 206','Carthage','ME','0','USA','','No Unit Specified','',0,34.2,'',1000,'',44.6242,-70.4736,''),(1985,'0','Safeway - Tracy','26101 Hansen Rd','Tracy','CA','0','USA','','No Unit Specified','',0,2,'',1000,'',37.7139,-121.522,''),(1986,'0','Sagebrush Power Partners','','Cle Elum','WA','0','USA','','S.88-2.1 MW','',0,100.8,'',1000,'',47.1356,-120.687,''),(1987,'0','Salmon Falls','400 S. 1103 W.','Hagerman','ID','0','USA','','No Unit Specified','',0,21,'',1000,'',42.8122,-114.898,''),(1988,'0','Salt Fork Wind Ranch','','','TX','0','USA','','No Unit Specified','',0,174,'',1000,'',35.1817,-100.934,''),(1989,'0','Salvation (AKA Willow Springs Wind)','','','TX','0','USA','','No Unit Specified','',0,250,'',1000,'',33.3454,-99.6243,''),(1990,'0','San Gorgonio','','Palm Springs','CA','0','USA','','No Unit Specified/No Unit Specified/No Unit Specified/No Unit Specified','',0,43,'',1000,'',33.8303,-116.544,''),(1991,'0','San Gorgonio Farms','','San Gorgonio','CA','0','USA','','No Unit Specified','',0,6,'',1000,'',34.1006,-116.828,''),(1992,'0','San Gorgonio Farms Wind Farm','','Whitewater','CA','0','USA','','','',0,31,'',1000,'',33.9261,-116.615,''),(1993,'0','San Jacinto','','San Gorgonio','CA','0','USA','','No Unit Specified/No Unit Specified','',0,5,'',1000,'',34.1006,-116.828,''),(1994,'0','San Juan Mesa','','Elida','NM','0','USA','','MWT-1000','',0,120,'',1000,'',33.9613,-103.83,''),(1995,'0','San Roman','San Roman Rd','','TX','0','USA','','No Unit Specified','',0,93,'',1000,'',26.126,-97.3776,''),(1996,'0','Sand Bluff','893 North McDonald Road','Big Spring','TX','0','USA','','No Unit Specified','',0,90,'',1000,'',32.2015,-101.407,''),(1997,'0','Sand Point','','Sand Point','AK','0','USA','','V39-500','',0,1,'',1000,'',0,0,''),(1998,'0','Sand Ranch Windfarm','','Echo','OR','0','USA','','V82-1.65 MW','',0,9.9,'',1000,'',45.6447,-119.477,''),(1999,'0','Sandy Ridge I','','Snyder','PA','0','USA','','G90-2.0','',0,50,'',1000,'',40.4467,-79.285,''),(2000,'0','Sawtooth','','','ID','0','USA','','No Unit Specified','',0,22.4,'',1000,'',43.6136,-116.202,''),(2001,'0','SC Johnson - Waxdale','8311 16th St.','Mount Pleasant','WI','0','USA','','No Unit Specified','',0,3,'',1000,'',42.7106,-87.8853,''),(2002,'0','Scituate','167 Driftway','Scituate','MA','0','USA','','No Unit Specified','',0,1.5,'',1000,'',42.1767,-70.7282,''),(2003,'0','Searsburg','','Searsburg','VT','0','USA','','No Unit Specified','',0,6.1,'',1000,'',42.8903,-72.9528,''),(2004,'0','Section 28 Trust','','San Gorgonio','CA','0','USA','','','',0,34.9,'',1000,'',34.1006,-116.828,''),(2005,'0','Seiling Wind I','','','OK','0','USA','','No Unit Specified','',0,198.9,'',1000,'',36.1225,-98.9922,''),(2006,'0','Seiling Wind II','','','OK','0','USA','','No Unit Specified','',0,100.3,'',1000,'',36.1225,-98.9922,''),(2007,'0','Senate','','Bryson','TX','0','USA','','G9X-2.0','',0,150,'',1000,'',33.22,-98.7481,''),(2008,'0','Sendero','565 FM 649','Hebbronville','TX','0','USA','','No Unit Specified','',0,78,'',1000,'',27.1469,-98.6308,''),(2009,'0','Settler\'s Trail','','Stockland','IL','0','USA','','1.6xle/No Unit Specified','',0,150.4,'',1000,'',40.6894,-87.6159,''),(2010,'0','Seven Mile Hill','','','WY','0','USA','','No Unit Specified','',0,99,'',1000,'',41.6032,-106.912,''),(2011,'0','Seven Mile Hill II','','','WY','0','USA','','No Unit Specified','',0,19.5,'',1000,'',41.6032,-106.912,''),(2012,'0','Shady Oaks','','Brooklyn Township','IL','0','USA','','No Unit Specified/No Unit Specified/GW 100/2500kW/82/1500','',0,109.5,'',1000,'',41.679,-89.3227,''),(2013,'0','Shandoah School Corporation Community Wind','','','IN','0','USA','','','',0,0.9,'',1000,'',0,0,''),(2014,'0','Shane Cowell','1630 211th Street','Ruthton','MN','0','USA','','S.88-2.1 MW','',0,2.1,'',1000,'',44.1767,-96.1036,''),(2015,'0','Shane\'s Wind Machine','','Aetna','MN','0','USA','','','',0,2,'',1000,'',44.1508,-96.1361,''),(2016,'0','Shannon','','Windthorst','TX','0','USA','','No Unit Specified','',0,204,'',1000,'',33.79,-98.2213,''),(2017,'0','Shaokatan Hills','','Hendricks','MN','0','USA','','No Unit Specified','',0,11.88,'',1000,'',44.5072,-96.4239,''),(2018,'0','Shaokatan Power Partners','','','MN','0','USA','','No Unit Specified','',0,1.6,'',1000,'',44.4507,-96.3226,''),(2019,'0','Sheep Valley Ranch','Haymaker Road','Twodot','MT','0','USA','','No Unit Specified','',0,0.5,'',1000,'',46.45,-110.07,''),(2020,'0','Sheffield','1390 New Duck Pond Rd','Sheffield','VT','0','USA','','Liberty 2.5 C96/Liberty 2.5 C93','',0,40,'',1000,'',44.6019,-72.1144,''),(2021,'0','Shepherds Flat','','','OR','0','USA','','No Unit Specified/2.5xl/No Unit Specified','',0,845,'',1000,'',45.512,-120.071,''),(2022,'0','Sherbino I','','Fort Stockton','TX','0','USA','','V90-3.0MW','',0,150,'',1000,'',30.811,-102.362,''),(2023,'0','Sherbino II','','Fort Stockton','TX','0','USA','','Liberty 2.5 C96','',0,150,'',1000,'',30.9052,-102.452,''),(2024,'0','Shiloh I','','','CA','0','USA','','No Unit Specified','',0,150,'',1000,'',38.1553,-121.762,''),(2025,'0','Shiloh II','','Rio Vista','CA','0','USA','','MM92','',0,150,'',1000,'',38.1448,-121.803,''),(2026,'0','Shiloh III','State Route 12 and Birds Landing Road, Montezuma Hills','','CA','0','USA','','MM92','',0,102.5,'',1000,'',38.1478,-121.765,''),(2027,'0','Shiloh IV','','Rio Vista','CA','0','USA','','MM92','',0,102.5,'',1000,'',38.1375,-121.855,''),(2028,'0','Shirley','','Glenmore','WI','0','USA','','N100/2500/No Unit Specified','',0,20,'',1000,'',44.3858,-87.9272,''),(2029,'0','Shooting Star','','Mullinville','KS','0','USA','','No Unit Specified','',0,104,'',1000,'',37.5189,-99.4464,''),(2030,'0','Sibley (AKA Allendorf)','','Sibley','IA','0','USA','','No Unit Specified','',0,1.2,'',1000,'',43.4067,-95.6464,''),(2031,'0','Sibley Hills','','Sibley','IA','0','USA','','No Unit Specified','',0,0.66,'',1000,'',43.3992,-95.7517,''),(2032,'0','Sieve','','Wilmont Hills','MN','0','USA','','','',0,0.95,'',1000,'',0,0,''),(2033,'0','Sigel','','','MI','0','USA','','No Unit Specified','',0,59.2,'',1000,'',43.9467,-82.821,''),(2034,'0','Silver Sage','','Cheyenne','WY','0','USA','','S.88-2.1 MW','',0,42,'',1000,'',41.1388,-104.99,''),(2035,'0','Silver Star I','','','TX','0','USA','','Liberty 2.5 C96','',0,60,'',1000,'',32.3455,-98.4775,''),(2036,'0','Sirocco','','Tehachapi','CA','0','USA','','','',0,3,'',1000,'',0,0,''),(2037,'0','Skeets 4','','Waverly','IA','0','USA','','No Unit Specified','',0,0.9,'',1000,'',42.0369,-93.4664,''),(2038,'0','Sky River','','','CA','0','USA','','V27','',0,70.9,'',1000,'',35.0725,-118.377,''),(2039,'0','Sky Volt','','Greenfield','IA','0','USA','','1.6 - 82.5','',0,1.6,'',1000,'',41.29,-94.4881,''),(2040,'0','Slate Creek Wind Project','','Geuda Springs','KS','0','USA','','V110-2.0 MW','',0,150,'',1000,'',37.1146,-97.2376,''),(2041,'0','Sleeping Bear','','','OK','0','USA','','S.88-2.1 MW','',0,94.5,'',1000,'',36.634,-99.4919,''),(2042,'0','SMMPA','','Fairmont','MN','0','USA','','No Unit Specified','',0,3.3,'',1000,'',43.6522,-94.4608,''),(2043,'0','Smoky Hills I','','Salina','KS','0','USA','','V80 - 1.8 MW','',0,100.8,'',1000,'',38.8969,-98.2704,''),(2044,'0','Smoky Hills II','223 North Hwy 14','Lincoln','KS','0','USA','','1.5sle','',0,148.5,'',1000,'',38.8969,-98.2704,''),(2045,'0','SMUD (Wind)','','','CA','0','USA','','No Unit Specified','',0,0.66,'',1000,'',38.3105,-121.902,''),(2046,'0','Snyder','835 County Road 1121','Hermleigh','TX','0','USA','','V90-3.0MW','',0,63,'',1000,'',32.7401,-100.738,''),(2047,'0','So. Cal Sunbelt','','San Gorgonio','CA','0','USA','','No Unit Specified','',0,10.47,'',1000,'',34.1006,-116.828,''),(2048,'0','Soaring Wind Lubbock','','Lubbock','TX','0','USA','','No Unit Specified','',0,1,'',1000,'',33.5778,-101.855,''),(2049,'0','Solano County','','','CA','0','USA','','No Unit Specified','',0,60,'',1000,'',38.3105,-121.902,''),(2050,'0','Solano I','','Rio Vista','CA','0','USA','','No Unit Specified','',0,15,'',1000,'',38.3105,-121.902,''),(2051,'0','Solano IB','','Rio Vista','CA','0','USA','','No Unit Specified','',0,4.62,'',1000,'',38.1558,-121.69,''),(2052,'0','Solano II','','','CA','0','USA','','V90-3.0MW','',0,24,'',1000,'',38.3105,-121.902,''),(2053,'0','Solano IIB','','Solano','CA','0','USA','','V90-3.0MW','',0,63,'',1000,'',38.246,-122.01,''),(2054,'0','Solano III','','Rio Vista','CA','0','USA','','V90-3.0MW/V90-1.8 MW','',0,127.8,'',1000,'',38.1558,-121.69,''),(2055,'0','Somerset Wind Farm','','Murdock Township','PA','0','USA','','1.5-70.5','',0,9,'',1000,'',0,0,''),(2056,'0','South Chestnut','State Road 3004','George','PA','0','USA','','G8X-2.0/No Unit Specified','',0,50.4,'',1000,'',41.5317,-78.02,''),(2057,'0','South Dakota Wind Energy Center (Highmore Wind)','','Highmore','SD','0','USA','','No Unit Specified','',0,40.5,'',1000,'',44.5214,-99.4411,''),(2058,'0','South Fork Wind','75961 350TH AVE','Round Lake','MN','0','USA','','No Unit Specified','',0,13.8,'',1000,'',43.5911,-95.4083,''),(2059,'0','South Plains (FKA Floyd County)','','','TX','0','USA','','V100-2.0','',0,200,'',1000,'',34.0806,-101.324,''),(2060,'0','South Plains II','','','TX','0','USA','','No Unit Specified','',0,300.3,'',1000,'',34.197,-101.381,''),(2061,'0','South Trent Mesa','','Trent','TX','0','USA','','SWT 2.3/82/No Unit Specified','',0,101,'',1000,'',32.4138,-100.133,''),(2062,'0','Southern Minnesota Hills','','','MN','0','USA','','No Unit Specified','',0,1.9,'',1000,'',43.7197,-95.8143,''),(2063,'0','Southern Minnesota Municipal Power Agency','','Fairmont','MN','0','USA','','No Unit Specified','',0,3.3,'',1000,'',43.6522,-94.4608,''),(2064,'0','Southwest Mesa','','McCamey','TX','0','USA','','No Unit Specified','',0,78.5,'',1000,'',31.3385,-101.98,''),(2065,'0','Southwest Wyoming','','','WY','0','USA','','','',0,5,'',1000,'',0,0,''),(2066,'0','Spanish Fork Canyon','Spanish Fork Canyon','Spanish Fork','UT','0','USA','','No Unit Specified','',0,18.9,'',1000,'',40.115,-111.654,''),(2067,'0','Spearville','','Dodge City','KS','0','USA','','No Unit Specified','',0,100.5,'',1000,'',37.8653,-99.7775,''),(2068,'0','Spearville II','','Spearville','KS','0','USA','','No Unit Specified','',0,48,'',1000,'',37.85,-99.7564,''),(2069,'0','Spearville III','','','KS','0','USA','','1.6xle','',0,100.8,'',1000,'',37.8511,-99.8381,''),(2070,'0','Spinning Spur','','Vega','TX','0','USA','','No Unit Specified','',0,161,'',1000,'',35.2428,-102.428,''),(2071,'0','Spinning Spur II','','Vega','TX','0','USA','','1.85-82.5','',0,161,'',1000,'',35.2924,-102.622,''),(2072,'0','Spinning Spur III','','Georgetown','TX','0','USA','','V100-2.0','',0,194,'',1000,'',35.2495,-102.614,''),(2073,'0','Spion Kop','','Geyser','MT','0','USA','','1.6xle','',0,40,'',1000,'',47.0609,-110.258,''),(2074,'0','Spirit Lake Schools','','Spirit Lake','MN','0','USA','','No Unit Specified','',0,0.75,'',1000,'',47.1119,-95.8292,''),(2075,'0','Spring Canyon I','','Peetz','CO','0','USA','','1.5sle','',0,60,'',1000,'',40.9338,-103.041,''),(2076,'0','Spring Canyon II','','','CO','0','USA','','1.7-100','',0,32.3,'',1000,'',40.9642,-103.077,''),(2077,'0','Spring Canyon III','','','CO','0','USA','','No Unit Specified','',0,28,'',1000,'',40.9642,-103.077,''),(2078,'0','Spring Valley','','Spring Valley','NV','0','USA','','SWT 2.3/82/No Unit Specified','',0,151.8,'',1000,'',36.1081,-115.244,''),(2079,'0','Springview','','Springview','NE','0','USA','','No Unit Specified','',0,3,'',1000,'',42.8244,-99.7486,''),(2080,'0','Spruce Mountain','','Bryant Pond','ME','0','USA','','G8X-2.0','',0,19.5,'',1000,'',44.3977,-70.6393,''),(2081,'0','St. Olaf College','','Northfield','MN','0','USA','','No Unit Specified','',0,1.65,'',1000,'',44.4583,-93.1614,''),(2082,'0','Stahl Wind Energy (West Pipestone Projects)','','Pipestone','MN','0','USA','','No Unit Specified','',0,1.65,'',1000,'',44.021,-96.441,''),(2083,'0','Stanton','','','TX','0','USA','','1.5sle','',0,120,'',1000,'',32.1598,-101.767,''),(2084,'0','Star Point','','Moro','OR','0','USA','','S.88-2.1 MW','',0,98.7,'',1000,'',45.5308,-120.522,''),(2085,'0','Stateline','','','OR','0','USA','','V47 - 660 kw','',0,300,'',1000,'',46.0072,-118.785,''),(2086,'0','Steel Winds I','1951 Hamburg Turnpike','Lackawanna','NY','0','USA','','No Unit Specified','',0,20,'',1000,'',42.814,-78.8481,''),(2087,'0','Steel Winds II','','Lackawanna','NY','0','USA','','No Unit Specified','',0,15,'',1000,'',42.8256,-78.8236,''),(2088,'0','Steele Flats','Highway 8','','NE','0','USA','','No Unit Specified','',0,74.8,'',1000,'',40.051,-96.8988,''),(2089,'0','Stephens Ranch','','','TX','0','USA','','1.7-100','',0,375,'',1000,'',32.9264,-101.648,''),(2090,'0','Sterling','980 County Road 164','Tatum','NM','0','USA','','No Unit Specified','',0,30,'',1000,'',33.3596,-103.251,''),(2091,'0','Stetson I','1650 Power Alley','Danforth','ME','0','USA','','No Unit Specified/1.5sle/No Unit Specified','',0,57,'',1000,'',45.6603,-67.8689,''),(2092,'0','Stetson II','1650 Power Alley','Danforth','ME','0','USA','','No Unit Specified/1.5sle/No Unit Specified','',0,25.5,'',1000,'',45.6603,-67.8689,''),(2093,'0','Stoney Corners - Northern Power Systems Prototype','','McBain','MI','0','USA','','Northern Power 2.3','',0,2.3,'',1000,'',44.1936,-85.2133,''),(2094,'0','Stoney Corners I','10252 S. LaChance Road','Mc Bain','MI','0','USA','','No Unit Specified/No Unit Specified','',0,5,'',1000,'',44.1902,-85.2946,''),(2095,'0','Stoney Corners II','','Mc Bain','MI','0','USA','','MM92/No Unit Specified','',0,18.45,'',1000,'',44.1938,-85.2129,''),(2096,'0','Stoney Corners III','','Clam Lake','MI','0','USA','','MM92','',0,18.45,'',1000,'',42.6722,-83.3958,''),(2097,'0','Stony Creek','','Stonycreek','PA','0','USA','','No Unit Specified','',0,52.5,'',1000,'',40.3039,-78.8911,''),(2098,'0','Storm Lake','','','IA','0','USA','','No Unit Specified/No Unit Specified','',0,188.25,'',1000,'',42.7371,-95.3103,''),(2099,'0','Story','','','IA','0','USA','','No Unit Specified','',0,30,'',1000,'',0,0,''),(2100,'0','Story County Wind','','Story City','IA','0','USA','','1.5sle','',0,150,'',1000,'',42.1418,-93.2917,''),(2101,'0','Story County Wind II (Garden)','','Zearing','IA','0','USA','','1.5xle','',0,150,'',1000,'',42.1611,-93.2969,''),(2102,'0','Streator Cayuga Ridge South','27095 E 2400 North Road','odell','IL','0','USA','','G87-2.0','',0,300,'',1000,'',40.9863,-88.4096,''),(2103,'0','Stuart Municipal Utilities','','Stuart','IA','0','USA','','V47 - 660 kw','',0,0.66,'',1000,'',41.5033,-94.3183,''),(2104,'0','Sun River LLC','','','MN','0','USA','','','',0,1.9,'',1000,'',44.4124,-96.2698,''),(2105,'0','Sunflower','','Hebron','ND','0','USA','','V100-2.0','',0,104,'',1000,'',46.8376,-102.075,''),(2106,'0','Sunray','11595 Carbon Black Oil Road','Sunray','TX','0','USA','','No Unit Specified','',0,49.5,'',1000,'',35.9493,-101.76,''),(2107,'0','Superior Farms','7390 Rio Dixon Road','Dixon','CA','0','USA','','No Unit Specified','',0,1,'',1000,'',38.4198,-121.825,''),(2108,'0','Sustainable Technologies Museum','2027 Sublette Rd.','Sublette','IL','0','USA','','No Unit Specified','',0,2.5,'',1000,'',41.6432,-89.2428,''),(2109,'0','Suzlon Novus VIII','4495 FM722','Channing','TX','0','USA','','','',0,4.2,'',1000,'',35.75,-102.28,''),(2110,'0','Suzlon S111 2.1 Test Site - Texas','','','TX','0','USA','','S111-2.1 MW','',0,2.1,'',1000,'',35.75,-102.28,''),(2111,'0','Swauk Valley Ranch','8511 Highway 10','Ellensburg','WA','0','USA','','G58-850','',0,4.25,'',1000,'',47.1392,-120.753,''),(2112,'0','Sweetwater I','','','TX','0','USA','','No Unit Specified','',0,37.5,'',1000,'',32.3819,-100.35,''),(2113,'0','Sweetwater II','','Sweetwater','TX','0','USA','','No Unit Specified','',0,91.5,'',1000,'',32.3428,-100.333,''),(2114,'0','Sweetwater III (Cottonwood Creek)','','Sweetwater','TX','0','USA','','No Unit Specified','',0,135,'',1000,'',32.3447,-100.464,''),(2115,'0','Sweetwater IV','','Sweetwater','TX','0','USA','','No Unit Specified/No Unit Specified/No Unit Specified','',0,240.8,'',1000,'',32.3488,-100.228,''),(2116,'0','Sweetwater V','','','TX','0','USA','','No Unit Specified','',0,80.5,'',1000,'',32.3678,-100.334,''),(2117,'0','Taconite Ridge','','Mountain Iron','MN','0','USA','','No Unit Specified','',0,25,'',1000,'',47.5325,-92.6233,''),(2118,'0','Taloga','','Putnam','OK','0','USA','','No Unit Specified','',0,130,'',1000,'',35.8821,-98.9855,''),(2119,'0','Tatanka','','','ND','0','USA','','No Unit Specified','',0,180,'',1000,'',45.9445,-98.9933,''),(2120,'0','TaxVest','','Tracy','CA','0','USA','','No Unit Specified','',0,12.6,'',1000,'',37.7439,-121.662,''),(2121,'0','Tehachapi','','','CA','0','USA','','No Unit Specified','',0,54,'',1000,'',0,0,''),(2122,'0','Tehachapi Expansion','','Tehachapi','CA','0','USA','','No Unit Specified','',0,3,'',1000,'',35.1322,-118.448,''),(2123,'0','Tehachapi Pass - Monolith I','','Tehachapi','CA','0','USA','','','',0,14.4,'',1000,'',0,0,''),(2124,'0','Tehachapi Pass - Monolith II','','Tehachapi','CA','0','USA','','','',0,21.6,'',1000,'',0,0,''),(2125,'0','Tehachapi Wind Resource I','','Tehachapi','CA','0','USA','','No Unit Specified','',0,9,'',1000,'',35.1322,-118.448,''),(2126,'0','Tehachapi Wind Resource II','','Tehachapi','CA','0','USA','','No Unit Specified','',0,22,'',1000,'',35.1322,-118.448,''),(2127,'0','Teichert Aggregates','36314 South Bird Road','Tracy','CA','0','USA','','1.5sle','',0,1.5,'',1000,'',37.6159,-121.361,''),(2128,'0','Texas State Technical College','','Sweetwater','TX','0','USA','','D8.2','',0,2,'',1000,'',32.4708,-100.406,''),(2129,'0','Tholen & Petersen','','Tracey','MN','0','USA','','No Unit Specified','',0,13.2,'',1000,'',44.2332,-95.6212,''),(2130,'0','Thousand Springs','6028 North 400 East','Twin Falls','ID','0','USA','','No Unit Specified','',0,12,'',1000,'',42.8122,-114.898,''),(2131,'0','Three Buttes','','Casper','WY','0','USA','','No Unit Specified','',0,99,'',1000,'',42.8667,-106.312,''),(2132,'0','Three Mile Canyon','71502 Threemile Canyon Road','Boardman','OR','0','USA','','V82-1.65 MW','',0,9.9,'',1000,'',45.6758,-119.938,''),(2133,'0','Thunder Spirit','','Holt Township','ND','0','USA','','N100/2500','',0,107.5,'',1000,'',45.9848,-102.661,''),(2134,'0','Timber Road II (Paulding Wind Farm II)','','Benton','OH','0','USA','','V90-1.8 MW','',0,99,'',1000,'',40.9269,-83.0939,''),(2135,'0','Timber Road III (Paulding Wind Farm III)','','Payne','OH','0','USA','','','',0,100.8,'',1000,'',41.121,-84.751,''),(2136,'0','Tippecanoe Valley School Corp','','Akron','IN','0','USA','','PowerWind 56','',0,0.9,'',1000,'',41.0383,-86.0281,''),(2137,'0','Titan Wind I (FKA Rolling Thunder)','','Ree Heights','SD','0','USA','','No Unit Specified','',0,25,'',1000,'',44.5186,-99.1997,''),(2138,'0','Toadvin Pond','','','OR','0','USA','','No Unit Specified','',0,10,'',1000,'',45.4514,-119.624,''),(2139,'0','Tooele Army Depot Wind','Tooele Army Depot','Tooele','UT','0','USA','','1.7-103','',0,1.7,'',1000,'',40.5308,-112.298,''),(2140,'0','Top Crop I','','','IL','0','USA','','1.5sle','',0,102,'',1000,'',41.1904,-88.4829,''),(2141,'0','Top Crop II','1545 E 30th Rd','Ransom','IL','0','USA','','1.5sle','',0,198,'',1000,'',41.1942,-88.4792,''),(2142,'0','Top of Iowa','','Woth County','IA','0','USA','','NM52-900kw','',0,80,'',1000,'',43.3608,-93.2975,''),(2143,'0','Top of Iowa II','','','IA','0','USA','','G87-2.0','',0,80,'',1000,'',43.3607,-93.4065,''),(2144,'0','Top of Iowa III','','','IA','0','USA','','No Unit Specified','',0,29.7,'',1000,'',43.3581,-93.3389,''),(2145,'0','Top of the World','','Glenrock','WY','0','USA','','No Unit Specified/SWT 2.3/82/No Unit Specified','',0,200,'',1000,'',42.9346,-105.782,''),(2146,'0','Town of Templeton','Narragansett Regional High School, 464 Baldwinville Road','Baldwinville','MA','0','USA','','No Unit Specified','',0,1.65,'',1000,'',42.6083,-72.0764,''),(2147,'0','ToyoWest I','','Tehachapi','CA','0','USA','','No Unit Specified','',0,5,'',1000,'',35.1322,-118.448,''),(2148,'0','TPC Windfarms','','','CA','0','USA','','No Unit Specified/No Unit Specified','',0,28.76,'',1000,'',35.05,-118.257,''),(2149,'0','Trade Dollar Mine','','Twin Falls','ID','0','USA','','No Unit Specified','',0,20,'',1000,'',42.5631,-114.46,''),(2150,'0','Traverse City Light & Power','','Traverse City','MI','0','USA','','V44-600kW','',0,0.6,'',1000,'',44.7631,-85.6206,''),(2151,'0','Trent Mesa','','Sweetwater','TX','0','USA','','No Unit Specified','',0,150,'',1000,'',32.3304,-100.183,''),(2152,'0','Tres Vaqueros I & II','','Altamont Pass','CA','0','USA','','No Unit Specified','',0,42,'',1000,'',37.7355,-121.651,''),(2153,'0','Trimont Area','','Trimont','MN','0','USA','','No Unit Specified','',0,100.5,'',1000,'',43.8068,-94.8533,''),(2154,'0','Trinity Hills','','','TX','0','USA','','Liberty 2.5 C96','',0,225,'',1000,'',33.22,-98.7481,''),(2155,'0','Tuana Gulch','389 East 5900 North','Twin Falls','ID','0','USA','','No Unit Specified','',0,10.5,'',1000,'',42.8122,-114.898,''),(2156,'0','Tuana Springs','200 East 6150 North','Hagerman','ID','0','USA','','S.88-2.1 MW','',0,16.8,'',1000,'',42.8822,-114.967,''),(2157,'0','Tucannon River Wind Power Plant (FKA Lower Snake River II)','','','WA','0','USA','','SWT-2.3-108','',0,266.8,'',1000,'',46.5186,-117.528,''),(2158,'0','Tuolumne Wind Project','','Goldendale','WA','0','USA','','No Unit Specified/No Unit Specified/No Unit Specified','',0,136.6,'',1000,'',45.8797,-120.807,''),(2159,'0','Turkey Hill (AKA Frey Farm)','3049 River Road','Conestoga','PA','0','USA','','1.6 - 82.5','',0,3.2,'',1000,'',40.3339,-79.6703,''),(2160,'0','Turkey Track','4310 A Hwy 153','Blackwell','TX','0','USA','','1.5sle','',0,169.5,'',1000,'',32.2805,-100.25,''),(2161,'0','Turtle Mountain Community College','','','ND','0','USA','','V47 - 660 kw','',0,0.66,'',1000,'',47.5813,-100.341,''),(2162,'0','Tuscola Bay','','','MI','0','USA','','No Unit Specified','',0,120,'',1000,'',43.5301,-83.507,''),(2163,'0','Tuscola Bay II','','Akron','MI','0','USA','','1.7-100','',0,100.3,'',1000,'',43.5408,-83.5871,''),(2164,'0','Tuttle','','','ID','0','USA','','No Unit Specified','',0,25,'',1000,'',42.3353,-114.676,''),(2165,'0','Twin Buttes','','','CO','0','USA','','No Unit Specified','',0,75,'',1000,'',38.0036,-103.082,''),(2166,'0','Twin Groves (Black Prairie)','','Merna','IL','0','USA','','V82-1.65 MW','',0,396,'',1000,'',40.4622,-88.5698,''),(2167,'0','Twin Lake Hills LLC','','','MN','0','USA','','','',0,1.9,'',1000,'',44.2258,-96.2789,''),(2168,'0','Two Dot','Haymaker Road & Route 12','Two Dot','MT','0','USA','','No Unit Specified','',0,9.7,'',1000,'',46.4348,-110.072,''),(2169,'0','Tyler Bluff Wind','County Road 424','','TX','0','USA','','SWT-2.3-108','',0,125.58,'',1000,'',33.7038,-97.372,''),(2170,'0','U.S. Marine Corps Logistics Base','','Barstow','CA','0','USA','','No Unit Specified','',0,1.5,'',1000,'',34.8624,-116.96,''),(2171,'0','Uilk Wind Farm','','Pipestone','MN','0','USA','','No Unit Specified','',0,4.5,'',1000,'',46.487,-94.0718,''),(2172,'0','Unalakleet','','Unalakleet','AK','0','USA','','Northwind 100','',0,0.6,'',1000,'',63.8731,-160.788,''),(2173,'0','Union City / Randolph Eastern Schools','','Union City','IN','0','USA','','No Unit Specified','',0,2,'',1000,'',40.2019,-84.8092,''),(2174,'0','University of Maine','181 Main Street','Presque Isle','ME','0','USA','','No Unit Specified','',0,0.6,'',1000,'',46.6674,-68.0202,''),(2175,'0','University of Minnesota - Morris','46352 State Hwy 329','Morris','MN','0','USA','','NM82','',0,3.3,'',1000,'',45.5897,-95.877,''),(2176,'0','University of Minnesota Outreach Research and Education (UMore) Park','','','MN','0','USA','','Liberty 2.5 C96','',0,2.5,'',1000,'',44.7316,-93.178,''),(2177,'0','Valley city - Oriska Hills','','Valley City','ND','0','USA','','No Unit Specified','',0,0.9,'',1000,'',46.9233,-98.0028,''),(2178,'0','Valley View','','Chandler','MN','0','USA','','G87-2.0','',0,10,'',1000,'',45.0039,-93.3206,''),(2179,'0','Vansycle','','Helix','OR','0','USA','','No Unit Specified','',0,25.1,'',1000,'',45.9281,-118.651,''),(2180,'0','Vansycle II (FKA Stateline II)','','Helix','OR','0','USA','','No Unit Specified','',0,98.9,'',1000,'',45.9563,-118.653,''),(2181,'0','Vantage Point','','','WA','0','USA','','1.5sle/No Unit Specified','',0,90,'',1000,'',46.9454,-119.987,''),(2182,'0','Vasco','','','CA','0','USA','','No Unit Specified','',0,78.2,'',1000,'',38.3105,-121.902,''),(2183,'0','Velva Wind Farm','','Velva','ND','0','USA','','No Unit Specified','',0,11.88,'',1000,'',48.0561,-100.929,''),(2184,'0','Venture Wind I','','Altamont Pass','CA','0','USA','','','',0,1.2,'',1000,'',37.2197,-119.769,''),(2185,'0','Venture Wind II','','Altamont Pass','CA','0','USA','','','',0,1.69,'',1000,'',37.2197,-119.769,''),(2186,'0','Venus Wind 3','','Grinnell','IA','0','USA','','No Unit Specified','',0,3.095,'',1000,'',41.742,-92.672,''),(2187,'0','Venus Wind 4','','Fairbank','IA','0','USA','','No Unit Specified','',0,2,'',1000,'',42.65,-92.021,''),(2188,'0','Victorville Prison','','Victorvilleprison','CA','0','USA','','No Unit Specified','',0,0.75,'',1000,'',37.2197,-119.769,''),(2189,'0','Victory Garden','','Tehachapi','CA','0','USA','','No Unit Specified','',0,0.66,'',1000,'',35.1322,-118.448,''),(2190,'0','Victory Garden (Tehachapi)','','','CA','0','USA','','No Unit Specified','',0,17.6,'',1000,'',35.0686,-118.383,''),(2191,'0','Victory Garden IV','','','CA','0','USA','','No Unit Specified','',0,22,'',1000,'',35.0907,-118.356,''),(2192,'0','Victory Garden I-V','','Tehachapi','CA','0','USA','','No Unit Specified/No Unit Specified/No Unit Specified','',0,23.84,'',1000,'',0,0,''),(2193,'0','Victory Garden Repower','13000 Jameson Road','Tehachapi','CA','0','USA','','No Unit Specified','',0,6,'',1000,'',35.1322,-118.448,''),(2194,'0','Victory Gardens I & IV','','','CA','0','USA','','No Unit Specified','',0,1,'',1000,'',35.1322,-118.449,''),(2195,'0','Victory I','','','IA','0','USA','','No Unit Specified','',0,99,'',1000,'',42.0347,-95.3102,''),(2196,'0','Vienna','','','IA','0','USA','','SWT-2.3-108','',0,103.5,'',1000,'',42.1594,-92.7761,''),(2197,'0','Vienna II','','','IA','0','USA','','No Unit Specified','',0,44,'',1000,'',42.1715,-92.8045,''),(2198,'0','Viking','','Chanarambie','MN','0','USA','','No Unit Specified','',0,12,'',1000,'',43.8581,-96.1311,''),(2199,'0','Viking \'83','','Altamont','CA','0','USA','','No Unit Specified','',0,1.69,'',1000,'',37.7131,-121.641,''),(2200,'0','Viking I','','Tehachapi','CA','0','USA','','No Unit Specified','',0,9.3,'',1000,'',35.1322,-118.448,''),(2201,'0','Viking II','','Tehachapi','CA','0','USA','','No Unit Specified','',0,14.6,'',1000,'',35.1322,-118.448,''),(2202,'0','Wagner Wind','63335 19th Avenue','North Palm Springs','CA','0','USA','','V90 3.0 MW (Offshore)','',0,6,'',1000,'',33.54,-116.33,''),(2203,'0','Wagon Trail','','Echo','OR','0','USA','','V82-1.65 MW','',0,3.3,'',1000,'',45.6531,-119.463,''),(2204,'0','Wake Wind Energy','','','TX','0','USA','','1.7-103','',0,257,'',1000,'',33.825,-101.1,''),(2205,'0','Wall Lake Municipal Utilities','','Wall Lake','IA','0','USA','','V47 - 660 kw','',0,0.66,'',1000,'',42.2711,-95.0928,''),(2206,'0','Wal-Mart - Red Bluff','10813 State Highway 99w','Red Bluff','CA','0','USA','','No Unit Specified','',0,1,'',1000,'',40.1067,-122.192,''),(2207,'0','Walnut','','','IA','0','USA','','No Unit Specified','',0,153,'',1000,'',41.4475,-95.2222,''),(2208,'0','Wapsipinicon','','','MN','0','USA','','No Unit Specified','',0,100.5,'',1000,'',43.6825,-92.6984,''),(2209,'0','Ward Butte Windfarm','','Echo','OR','0','USA','','','',0,6.6,'',1000,'',45.6967,-119.41,''),(2210,'0','Waymart','','','PA','0','USA','','1.5-70.5','',0,64.5,'',1000,'',41.6132,-75.4381,''),(2211,'0','Weatherford (AKA Cowboy Wind)','','','OK','0','USA','','No Unit Specified','',0,147,'',1000,'',35.5191,-98.7719,''),(2212,'0','WED Coventry Five','','','RI','0','USA','','','',0,1.5,'',1000,'',41.6597,-71.6997,''),(2213,'0','WED Coventry Four','','Coventry','RI','0','USA','','No Unit Specified','',0,1.5,'',1000,'',41.6864,-71.7083,''),(2214,'0','WED Coventry One','210 Piggy Lane','Coventry','RI','0','USA','','No Unit Specified','',0,1.5,'',1000,'',41.6758,-71.7075,''),(2215,'0','WED Coventry Six','','Coventry','RI','0','USA','','No Unit Specified','',0,4.5,'',1000,'',41.6697,-71.7083,''),(2216,'0','WED Coventry Three','','Coventry','RI','0','USA','','No Unit Specified','',0,1.5,'',1000,'',41.6956,-71.7208,''),(2217,'0','WED Coventry Two','','Coventry','RI','0','USA','','No Unit Specified/No Unit Specified','',0,4.5,'',1000,'',41.6725,-71.7058,''),(2218,'0','Wege','','Panhandle','TX','0','USA','','No Unit Specified','',0,10,'',1000,'',35.3493,-101.537,''),(2219,'0','Welcome Wind Turbine','','','MN','0','USA','','','',0,2.1,'',1000,'',0,0,''),(2220,'0','Wellsburg','','Wellsburg','IA','0','USA','','No Unit Specified','',0,138.6,'',1000,'',42.4782,-92.9308,''),(2221,'0','Wessington Springs','','Wessington Springs','SD','0','USA','','No Unit Specified','',0,51,'',1000,'',44.0524,-98.5906,''),(2222,'0','West Pipestone','','Pipestone','MN','0','USA','','','',0,8.25,'',1000,'',0,0,''),(2223,'0','West Winds','','San Gorgonio','CA','0','USA','','No Unit Specified','',0,43.4,'',1000,'',34.1006,-116.828,''),(2224,'0','Western Plains','Topeka','','KS','0','USA','','No Unit Specified','',0,280,'',1000,'',37.8548,-99.6798,''),(2225,'0','Westex 1','','','TX','0','USA','','No Unit Specified','',0,7,'',1000,'',32.2358,-101.358,''),(2226,'0','Westridge','','','MN','0','USA','','No Unit Specified','',0,17.1,'',1000,'',0,0,''),(2227,'0','Westwind Trust','','San Gorgonio','CA','0','USA','','','',0,16.207,'',1000,'',34.1006,-116.828,''),(2228,'0','Wethersfield','4179 Poplar Tree Road','Gainesville','NY','0','USA','','V47 - 660 kw','',0,6.6,'',1000,'',42.6859,-78.25,''),(2229,'0','Wheatfield','','Arlington','OR','0','USA','','S.88-2.1 MW','',0,96.6,'',1000,'',45.6661,-120.314,''),(2230,'0','Whirlwind Energy Center','','Floydada','TX','0','USA','','No Unit Specified','',0,59.8,'',1000,'',34.105,-101.099,''),(2231,'0','Whispering Willow East','','','IA','0','USA','','V82-1.65 MW','',0,200,'',1000,'',42.7372,-93.3389,''),(2232,'0','White Creek','','Rooselvelt','WA','0','USA','','No Unit Specified','',0,205,'',1000,'',45.9349,-120.33,''),(2233,'0','White Deer (Llano Estacado)','','White Deer','TX','0','USA','','No Unit Specified','',0,80,'',1000,'',35.4638,-101.223,''),(2234,'0','White Lake','','White Lake','SD','0','USA','','No Unit Specified','',0,165,'',1000,'',43.8864,-98.7875,''),(2235,'0','White Oak','','','IL','0','USA','','No Unit Specified','',0,150,'',1000,'',40.7129,-89.1706,''),(2236,'0','White Tail','','Laredo','TX','0','USA','','No Unit Specified','',0,92,'',1000,'',27.4881,-99.0053,''),(2237,'0','Whitewater Hill Wind Farm','','Palm Springs (San Gorgonio)','CA','0','USA','','No Unit Specified','',0,61.5,'',1000,'',33.9406,-116.561,''),(2238,'0','Wild Horse I','25901 Vantage Highway','Ellensburg','WA','0','USA','','V80 - 1.8 MW','',0,229,'',1000,'',46.9691,-120.2,''),(2239,'0','Wild Horse II','25901 Vantage Highway','Ellensburg','WA','0','USA','','No Unit Specified','',0,44,'',1000,'',46.9691,-120.2,''),(2240,'0','Wildcat','','Lovington','NM','0','USA','','No Unit Specified','',0,27.3,'',1000,'',32.944,-103.349,''),(2241,'0','Wildcat Wind Farm I','','Elwood','IN','0','USA','','1.6-100','',0,200,'',1000,'',40.2769,-85.8477,''),(2242,'0','Wildorado','','Wildorado','TX','0','USA','','SWT-2.3/93','',0,161,'',1000,'',35.2804,-102.291,''),(2243,'0','Williams Stone Company','1158 Lee Westfield Road','East Otis','MA','0','USA','','No Unit Specified','',0,0.6,'',1000,'',42.2326,-73.0697,''),(2244,'0','Willmar','2701 30th Street Northeast','Willmar','MN','0','USA','','D8.2','',0,4,'',1000,'',45.1593,-95.0069,''),(2245,'0','Willow Creek','','Boardman','OR','0','USA','','1.5sle','',0,72,'',1000,'',45.6533,-119.991,''),(2246,'0','Willow Spring','','','OR','0','USA','','No Unit Specified','',0,10,'',1000,'',44.3819,-117.273,''),(2247,'0','Willow Wind','','','CA','0','USA','','','',0,2.73,'',1000,'',0,0,''),(2248,'0','Wilmont Hills','','','MN','0','USA','','No Unit Specified','',0,1.5,'',1000,'',43.7197,-95.8143,''),(2249,'0','Wilton Wind I & II','','Crofte','ND','0','USA','','No Unit Specified/No Unit Specified','',0,99,'',1000,'',47.1262,-100.704,''),(2250,'0','Winchester Community Wind','','Winchester','IN','0','USA','','G58-850','',0,0.85,'',1000,'',0,0,''),(2251,'0','Wind Colebrook South','17 and 29 Flag Hill Rd','Colebrook','CT','0','USA','','No Unit Specified','',0,5,'',1000,'',41.9611,-73.1408,''),(2252,'0','Wind Energy Education Center','Expo Hill, East Vermeer Lane','Des Moines','IA','0','USA','','No Unit Specified','',0,0.66,'',1000,'',41.5952,-93.5489,''),(2253,'0','Wind Vision','','','IA','0','USA','','No Unit Specified','',0,0.9,'',1000,'',42.0369,-93.4664,''),(2254,'0','Windland Refresh 2 (FKA Boxcar II)','','Tehachapi','CA','0','USA','','','',0,8,'',1000,'',35.0343,-118.38,''),(2255,'0','Windom','','Windom','MN','0','USA','','No Unit Specified','',0,19.8,'',1000,'',43.9569,-95.0345,''),(2256,'0','Windpower Partners (\'93- MN)','','','MN','0','USA','','No Unit Specified','',0,26.3,'',1000,'',0,0,''),(2257,'0','Windpower Partners \'89','','','CA','0','USA','','','',0,60,'',1000,'',0,0,''),(2258,'0','Windpower Partners \'90','','','CA','0','USA','','No Unit Specified','',0,15,'',1000,'',0,0,''),(2259,'0','Windpower Partners \'91','','','CA','0','USA','','No Unit Specified','',0,23.9,'',1000,'',0,0,''),(2260,'0','Windpower Partners \'91-2','','','CA','0','USA','','No Unit Specified','',0,27.9,'',1000,'',0,0,''),(2261,'0','Windpower Partners \'92','','','CA','0','USA','','No Unit Specified','',0,30,'',1000,'',0,0,''),(2262,'0','Windpower Partners \'93','','','CA','0','USA','','No Unit Specified','',0,49.5,'',1000,'',33.6826,-115.473,''),(2263,'0','Windpower Partners \'94','','','TX','0','USA','','No Unit Specified','',0,39.1,'',1000,'',31.3478,-104.472,''),(2264,'0','WindPower Partners, 1994','','','TX','0','USA','','No Unit Specified','',0,35,'',1000,'',0,0,''),(2265,'0','Windridge','','Tehachapi','CA','0','USA','','No Unit Specified','',0,4.5,'',1000,'',35.1322,-118.448,''),(2266,'0','Windrose #5','','Campbell','WY','0','USA','','','',0,200,'',1000,'',0,0,''),(2267,'0','Windsong','','','CA','0','USA','','','',0,2.4,'',1000,'',0,0,''),(2268,'0','WindStar I','','Tehachapi','CA','0','USA','','G8X-2.0','',0,120,'',1000,'',35.0582,-118.379,''),(2269,'0','Windthorst I','','Windthorst','TX','0','USA','','','',0,51,'',1000,'',33.5761,-98.4364,''),(2270,'0','Windthorst II','','Windthorst','TX','0','USA','','SWT-2.3-108','',0,68,'',1000,'',33.5802,-98.4374,''),(2271,'0','Windy Dog I','','','MN','0','USA','','','',0,1.3,'',1000,'',44.2851,-96.4257,''),(2272,'0','Windy Point/Windy Flats I','','Goldendale','WA','0','USA','','No Unit Specified/SWT 2.3/82','',0,136.6,'',1000,'',45.7474,-120.726,''),(2273,'0','Windy Point/Windy Flats II','','Goldendale','WA','0','USA','','SWT 2.3/82','',0,262.2,'',1000,'',45.7231,-120.746,''),(2274,'0','Wing River Wind','','Hewitt','MN','0','USA','','N90-2.5','',0,2.5,'',1000,'',46.3256,-95.0864,''),(2275,'0','Winnebago I','','','IA','0','USA','','G83-2.0','',0,20,'',1000,'',43.3482,-93.6623,''),(2276,'0','Winona County','','Altura','MN','0','USA','','No Unit Specified','',0,1.5,'',1000,'',44.0717,-91.9394,''),(2277,'0','Winters Spawn','','','MN','0','USA','','','',0,1.9,'',1000,'',44.2081,-96.1989,''),(2278,'0','Wiota','','Wiota','IA','0','USA','','1.6 - 82.5','',0,1.6,'',1000,'',41.3919,-94.8764,''),(2279,'0','WKN Montana II','','Reed Point','MT','0','USA','','','',0,396,'',1000,'',0,0,''),(2280,'0','WMUA Water Facilities Wind','','Willingboro','NJ','0','USA','','','',0,0.525,'',1000,'',40.0278,-74.8694,''),(2281,'0','Wolf Ridge','','','TX','0','USA','','1.5xle','',0,112.5,'',1000,'',33.7364,-97.4114,''),(2282,'0','Wolf Wind Project','28431 King Avenue','','MN','0','USA','','No Unit Specified','',0,6.25,'',1000,'',46.487,-94.0718,''),(2283,'0','Wolverine','','Greenfield','IA','0','USA','','No Unit Specified','',0,1.5,'',1000,'',41.3053,-94.4611,''),(2284,'0','Wolverine Creek','','Idaho Falls','ID','0','USA','','1.5sle','',0,64.5,'',1000,'',43.4403,-111.816,''),(2285,'0','Woodstock Hills','996 190th Avenue','Woodstock','MN','0','USA','','V44-600kW/No Unit Specified','',0,10.2,'',1000,'',44.0092,-96.1003,''),(2286,'0','Woodstock Municipal','','Woodstock','MN','0','USA','','DW 750','',0,0.75,'',1000,'',44.0092,-96.1003,''),(2287,'0','Woodward County (Keenan II)','','','OK','0','USA','','SWT 2.3/82','',0,151.8,'',1000,'',36.592,-99.3039,''),(2288,'0','Woodward Mountain Wind Ranch','','McCamey','TX','0','USA','','V47 - 660 kw','',0,160,'',1000,'',31.2516,-102.228,''),(2289,'0','Worthington','','Worthington','MN','0','USA','','No Unit Specified/No Unit Specified','',0,3.7,'',1000,'',43.62,-95.5961,''),(2290,'0','WPP 87','','Levermore','CA','0','USA','','','',0,50,'',1000,'',37.6752,-121.758,''),(2291,'0','WPP 88','','Livermore','CA','0','USA','','','',0,30,'',1000,'',37.6819,-121.767,''),(2292,'0','WPS','','','WI','0','USA','','V47 - 660 kw','',0,9.24,'',1000,'',45.3743,-89.7726,''),(2293,'0','Wray School District','','Wray','CO','0','USA','','No Unit Specified','',0,0.9,'',1000,'',40.0758,-102.223,''),(2294,'0','Yahoo Creek','205 East 5300 North','Hagerman','ID','0','USA','','No Unit Specified','',0,21,'',1000,'',42.8122,-114.898,''),(2295,'0','Zachary Ridge/LJ','','Allendorf, Sibley','IA','0','USA','','G87-2.0','',0,3.6,'',1000,'',43.3992,-95.7517,''),(2296,'0','ZCO','','','CA','0','USA','','','',0,1.6,'',1000,'',35.0772,-118.381,''),(2297,'0','Zirbelc','','De Pere','WI','0','USA','','No Unit Specified/No Unit Specified','',0,1.2,'',1000,'',44.4489,-88.0603,''),(2298,'0','Zond Wind 85A','','Tehachapi','CA','0','USA','','','',0,14.1,'',1000,'',35.1011,-118.337,''),(2299,'0','Zond Wind 85B','','Tehachapi','CA','0','USA','','','',0,21.2,'',1000,'',35.1011,-118.337,''),(2300,'0','Zond Wind 85C','','Altamont Pass','CA','0','USA','','No Unit Specified','',0,18,'',1000,'',37.2197,-119.769,''),(2301,'0','Zond-PanAero Windsystems','','San Gorgonio','CA','0','USA','','No Unit Specified','',0,29.9,'',1000,'',34.1006,-116.828,'');
/*!40000 ALTER TABLE `farms` ENABLE KEYS */;
UNLOCK TABLES;

--
-- Table structure for table `fieldoperationstechs`
--

DROP TABLE IF EXISTS `fieldoperationstechs`;
/*!40101 SET @saved_cs_client     = @@character_set_client */;
/*!40101 SET character_set_client = utf8 */;
CREATE TABLE `fieldoperationstechs` (
  `FieldOperationsId` int(11) NOT NULL AUTO_INCREMENT,
  `TechApproval` varchar(45) DEFAULT NULL,
  `PerDiemAdvance` int(3) DEFAULT NULL,
  `TechApprovalAdv` varchar(45) DEFAULT NULL,
  `CertificatesStatus` varchar(45) DEFAULT NULL,
  `Status` varchar(45) DEFAULT NULL,
  `RejectionComment` varchar(200) DEFAULT NULL,
  `ARejectionComment` varchar(200) DEFAULT NULL,
  `PurchaseOrderId` int(11) DEFAULT NULL,
  `TechId` int(11) DEFAULT NULL,
  PRIMARY KEY (`FieldOperationsId`),
  KEY `PurchesId_idx` (`PurchaseOrderId`),
  KEY `TechId_idx` (`TechId`),
  CONSTRAINT `PurchaseOrderId` FOREIGN KEY (`PurchaseOrderId`) REFERENCES `purchaseorders` (`PurchaseOrderId`) ON DELETE CASCADE ON UPDATE CASCADE,
  CONSTRAINT `TechId` FOREIGN KEY (`TechId`) REFERENCES `teches` (`TechId`) ON DELETE CASCADE ON UPDATE CASCADE
) ENGINE=InnoDB DEFAULT CHARSET=utf8;
/*!40101 SET character_set_client = @saved_cs_client */;

--
-- Dumping data for table `fieldoperationstechs`
--

LOCK TABLES `fieldoperationstechs` WRITE;
/*!40000 ALTER TABLE `fieldoperationstechs` DISABLE KEYS */;
/*!40000 ALTER TABLE `fieldoperationstechs` ENABLE KEYS */;
UNLOCK TABLES;

--
-- Table structure for table `flights`
--

DROP TABLE IF EXISTS `flights`;
/*!40101 SET @saved_cs_client     = @@character_set_client */;
/*!40101 SET character_set_client = utf8 */;
CREATE TABLE `flights` (
  `FlightId` int(11) NOT NULL AUTO_INCREMENT,
  `Description` varchar(100) DEFAULT NULL,
  `DataFlight` varchar(150) DEFAULT NULL,
  `CostFlight` double DEFAULT NULL,
  `Status` varchar(45) DEFAULT NULL,
  `RejectionComment` varchar(200) DEFAULT NULL,
  `FieldOperationsId` int(11) DEFAULT NULL,
  PRIMARY KEY (`FlightId`),
  KEY `FieldOperationsTechsId_idx` (`FieldOperationsId`),
  CONSTRAINT `FFieldOperationsTechsId` FOREIGN KEY (`FieldOperationsId`) REFERENCES `fieldoperationstechs` (`FieldOperationsId`) ON DELETE CASCADE ON UPDATE CASCADE
) ENGINE=InnoDB DEFAULT CHARSET=utf8;
/*!40101 SET character_set_client = @saved_cs_client */;

--
-- Dumping data for table `flights`
--

LOCK TABLES `flights` WRITE;
/*!40000 ALTER TABLE `flights` DISABLE KEYS */;
/*!40000 ALTER TABLE `flights` ENABLE KEYS */;
UNLOCK TABLES;

--
-- Table structure for table `kitcomponents`
--

DROP TABLE IF EXISTS `kitcomponents`;
/*!40101 SET @saved_cs_client     = @@character_set_client */;
/*!40101 SET character_set_client = utf8 */;
CREATE TABLE `kitcomponents` (
  `KitComponentsId` int(11) NOT NULL AUTO_INCREMENT,
  `Description` varchar(60) DEFAULT NULL,
  `ComponentType` varchar(45) DEFAULT NULL,
  `ToolKitsId` int(11) DEFAULT NULL,
  PRIMARY KEY (`KitComponentsId`),
  KEY `ToolKitsId_key_idx` (`ToolKitsId`),
  CONSTRAINT `ToolKitsId_key` FOREIGN KEY (`ToolKitsId`) REFERENCES `toolkits` (`ToolKitsId`) ON DELETE CASCADE ON UPDATE CASCADE
) ENGINE=InnoDB DEFAULT CHARSET=utf8;
/*!40101 SET character_set_client = @saved_cs_client */;

--
-- Dumping data for table `kitcomponents`
--

LOCK TABLES `kitcomponents` WRITE;
/*!40000 ALTER TABLE `kitcomponents` DISABLE KEYS */;
/*!40000 ALTER TABLE `kitcomponents` ENABLE KEYS */;
UNLOCK TABLES;

--
-- Table structure for table `manufacterers`
--

DROP TABLE IF EXISTS `manufacterers`;
/*!40101 SET @saved_cs_client     = @@character_set_client */;
/*!40101 SET character_set_client = utf8 */;
CREATE TABLE `manufacterers` (
  `ManufactereId` int(11) NOT NULL AUTO_INCREMENT,
  `ManufacturerName` varchar(45) DEFAULT NULL,
  PRIMARY KEY (`ManufactereId`)
) ENGINE=InnoDB AUTO_INCREMENT=52 DEFAULT CHARSET=utf8;
/*!40101 SET character_set_client = @saved_cs_client */;

--
-- Dumping data for table `manufacterers`
--

LOCK TABLES `manufacterers` WRITE;
/*!40000 ALTER TABLE `manufacterers` DISABLE KEYS */;
INSERT INTO `manufacterers` VALUES (1,'AAER'),(2,'Acciona'),(3,'Aeroman'),(4,'Aeronautica'),(5,'Alstom'),(6,'Atlantic Orient'),(7,'Bergey Windpower'),(8,'CCWE'),(9,'Clipper'),(10,'Daewoo Dewind'),(11,'Danwin'),(12,'DES'),(13,'Eastern Wind Power'),(14,'Elecon'),(15,'Endurance'),(16,'Enertech'),(17,'EWT'),(18,'Fuhrlnder'),(19,'Gamesa'),(20,'GE'),(21,'Goldwind'),(22,'HHI'),(23,'Jonica Impianti'),(24,'Kenersys'),(25,'Kenetech'),(26,'Leitwind'),(27,'Mitsubishi'),(28,'Nordex'),(29,'Nordic'),(30,'Northern Power Systems'),(31,'Pioneer'),(32,'PowerWind'),(33,'Renewegy'),(34,'RRB Energy'),(35,'Sany'),(36,'Senvion'),(37,'SHI'),(38,'Siemens'),(39,'Sinovel'),(40,'Siva'),(41,'Suzlon'),(42,'Turbowinds'),(43,'Unison'),(44,'Vanguard'),(45,'Vensys'),(46,'Vergnet'),(47,'Vestas'),(48,'Wincon'),(49,'Wind Energy Solutions'),(50,'Windmaster'),(51,'Windmatic');
/*!40000 ALTER TABLE `manufacterers` ENABLE KEYS */;
UNLOCK TABLES;

--
-- Table structure for table `platforms`
--

DROP TABLE IF EXISTS `platforms`;
/*!40101 SET @saved_cs_client     = @@character_set_client */;
/*!40101 SET character_set_client = utf8 */;
CREATE TABLE `platforms` (
  `PlatformId` int(11) NOT NULL AUTO_INCREMENT,
  `ManufacturerName` varchar(45) DEFAULT NULL,
  `PlatformName` varchar(45) DEFAULT NULL,
  PRIMARY KEY (`PlatformId`)
) ENGINE=InnoDB AUTO_INCREMENT=269 DEFAULT CHARSET=utf8;
/*!40101 SET character_set_client = @saved_cs_client */;

--
-- Dumping data for table `platforms`
--

LOCK TABLES `platforms` WRITE;
/*!40000 ALTER TABLE `platforms` DISABLE KEYS */;
INSERT INTO `platforms` VALUES (96,'AAER','A1500-77'),(97,'AAER','A1500-70'),(98,'Acciona','AW3000-116'),(99,'Acciona','AW3000-109'),(100,'Acciona','AW1500-82'),(101,'Acciona','AW1500-77'),(102,'Aeroman','Aeroman 14.8'),(103,'Aeronautica','Aeronautic 47'),(104,'Aeronautica','A54-750'),(105,'Alstom','ECO100'),(106,'Alstom','ECO86'),(107,'Atlantic Orient','AOC 15/50'),(108,'Bergey Windpower','XL50'),(109,'CCWE','CCWE-3600D/115'),(110,'Clipper','Liberty 2.5-96'),(111,'Clipper','Liberty 2.5-93'),(112,'Clipper','Liberty 2.5-89'),(113,'Daewoo Dewind','D8.2'),(114,'Daewoo Dewind','D9.2'),(115,'Danwin','23 E2'),(116,'Danwin','24/160'),(117,'DES','Northwind 100'),(118,'Eastern Wind Power','Sky Farm 50kW VAWT'),(119,'Elecon','T600-48'),(120,'Elecon','T600-48DS'),(121,'Endurance','E3120 50kW'),(122,'Enertech','E48'),(123,'Enertech','Enertech 44/40'),(124,'EWT','DW54-900'),(125,'EWT','DW52-750'),(126,'EWT','DW52-900'),(127,'Fuhrlnder','FL1500'),(128,'Fuhrlnder','FL100'),(129,'Fuhrlnder','FL250'),(130,'Fuhrlnder','FL2500/90'),(131,'Gamesa','G97-2.0'),(132,'Gamesa','G90-2.0'),(133,'Gamesa','G52-850'),(134,'Gamesa','G87-2.0'),(135,'Gamesa','G58-850'),(136,'Gamesa','G114-2.0'),(137,'Gamesa','G83-2.0'),(138,'Gamesa','G80-2.0'),(139,'GE','GE 1.6 XLE'),(140,'GE','GE 1.5 SLE'),(141,'GE','GE 1.85-82.5'),(142,'GE','GE 1.6-100'),(143,'GE','GE 1.5 XLE'),(144,'GE','GE 1.85-87'),(145,'GE','Z-50'),(146,'GE','GE 1.68-82.5'),(147,'GE','GE 1.5 S'),(148,'GE','GE 2.85-103'),(149,'GE','GE 2.5-120'),(150,'GE','GE 1.7-100'),(151,'GE','GE 1.7-103'),(152,'GE','Z-40'),(153,'GE','GE 1.5SL'),(154,'GE','1.5s (Enron)'),(155,'GE','GE 1.5 SE'),(156,'GE','GE 2.5-100'),(157,'GE','GE 1.5 SL'),(158,'GE','Z-48'),(159,'Goldwind','GW82'),(160,'Goldwind','GW87'),(161,'Goldwind','GW100-2.5'),(162,'Goldwind','GW77'),(163,'HHI','HQ2000'),(164,'HHI','HQ1650'),(165,'Jonica Impianti','JIMP25'),(166,'Kenersys','K100'),(167,'Kenetech','56-100'),(168,'Leitwind','LTW77-1.5'),(169,'Mitsubishi','MWT62/1.0'),(170,'Mitsubishi','MWT-1000'),(171,'Mitsubishi','MWT92/2.4'),(172,'Mitsubishi','MWT-600'),(173,'Mitsubishi','MWT95/2.4'),(174,'Mitsubishi','MWT-250'),(175,'Mitsubishi','MWT102/2.4'),(176,'Mitsubishi','MWT100/2.4'),(177,'Nordex','N54/1000'),(178,'Nordex','N43/600'),(179,'Nordex','N90/2300'),(180,'Nordex','N60/1300'),(181,'Nordex','N100/2500'),(182,'Nordex','N90/2500 LS'),(183,'Nordex','N90/2500 HS'),(184,'Nordex','N117/2400'),(185,'Nordic','N1000'),(186,'Northern Power Systems','NPS 100'),(187,'Northern Power Systems','NPS Prototype'),(188,'Pioneer','P-1650'),(189,'PowerWind','PowerWind 56'),(190,'Renewegy','VP-20'),(191,'RRB Energy','PS-600'),(192,'Sany','SE100/2.0'),(193,'Sany','SE93/2.0'),(194,'Sany','SE8720IIIE'),(195,'Senvion','MM92'),(196,'SHI','SHI2.5-100'),(197,'Siemens','B19/120'),(198,'Siemens','SWT2.3-101'),(199,'Siemens','B37/450'),(200,'Siemens','SWT2.3-93'),(201,'Siemens','SWT3.0-101'),(202,'Siemens','SWT2.3-108'),(203,'Siemens','B62/1300'),(204,'Siemens','SWT-2.3'),(205,'Siemens','B15/65'),(206,'Siemens','SWT3.0-113'),(207,'Siemens','B23/150'),(208,'Sinovel','SL 3000/90'),(209,'Sinovel','SL 1500/82'),(210,'Siva','250/50'),(211,'Suzlon','S88-2.1'),(212,'Suzlon','S64-1.25'),(213,'Suzlon','S95-2.1'),(214,'Suzlon','S97-2.1'),(215,'Turbowinds','T600-48'),(216,'Turbowinds','T400-34'),(217,'Unison','U54'),(218,'Vanguard','95T'),(219,'Vensys','Vensys 70'),(220,'Vensys','Vensys 82'),(221,'Vensys',' Vensys 77'),(222,'Vergnet','MP-R'),(223,'Vestas','V27-225'),(224,'Vestas','M108/19'),(225,'Vestas','NM54/950'),(226,'Vestas','NM52/900'),(227,'Vestas','NTK500/37'),(228,'Vestas','V42'),(229,'Vestas','V47-660'),(230,'Vestas','NM48/750'),(231,'Vestas','V100-1.8'),(232,'Vestas','V82-1.65'),(233,'Vestas','NM82/1650'),(234,'Vestas','V44-600'),(235,'Vestas','NTK65/17'),(236,'Vestas','NM44/750'),(237,'Vestas','W250/29'),(238,'Vestas','V80-1.8'),(239,'Vestas','NM950/54'),(240,'Vestas','M700/225'),(241,'Vestas','NM72c/1500'),(242,'Vestas','V17'),(243,'Vestas','V39-500'),(244,'Vestas','V27'),(245,'Vestas','V20'),(246,'Vestas','V15/65'),(247,'Vestas','V90-3.0'),(248,'Vestas','V100-2.0'),(249,'Vestas','V42-600'),(250,'Vestas','V90-1.8'),(251,'Vestas','V112-3.3'),(252,'Vestas','NM72/1650'),(253,'Vestas','M65/13'),(254,'Vestas','NedWind'),(255,'Vestas','V17E'),(256,'Vestas','V17 '),(257,'Vestas','V112-3.0'),(258,'Vestas','V80-2.0'),(259,'Vestas','NM82/1500'),(260,'Vestas','V110-2.0'),(261,'Vestas','V15'),(262,'Wincon','W200'),(263,'Wincon','W99XT'),(264,'Wind Energy Solutions','WES 250'),(265,'Windmaster','Windmaster-211'),(266,'Windmatic','17S'),(267,'Windmatic','200'),(268,'Windmatic','15S');
/*!40000 ALTER TABLE `platforms` ENABLE KEYS */;
UNLOCK TABLES;

--
-- Table structure for table `purchaseorders`
--

DROP TABLE IF EXISTS `purchaseorders`;
/*!40101 SET @saved_cs_client     = @@character_set_client */;
/*!40101 SET character_set_client = utf8 */;
CREATE TABLE `purchaseorders` (
  `PurchaseOrderId` int(11) NOT NULL AUTO_INCREMENT,
  `PO` varchar(45) DEFAULT NULL,
  `Commentary` varchar(200) DEFAULT NULL,
  `Date` date DEFAULT NULL,
  `File` varchar(200) DEFAULT NULL,
  `UserName` varchar(200) DEFAULT NULL,
  `Status` varchar(45) DEFAULT NULL,
  `Tooling` varchar(100) DEFAULT NULL,
  `SpecialtyItems` varchar(100) DEFAULT NULL,
  `AirportDestination` varchar(200) DEFAULT NULL,
  `DepartureDate` date DEFAULT NULL,
  `TravelPlans` text,
  `AirportCargoAddress` varchar(200) DEFAULT NULL,
  `AirportCargoContact` varchar(200) DEFAULT NULL,
  `LodgingInArea` varchar(200) DEFAULT NULL,
  `Notes` text,
  `ContractId` int(11) DEFAULT NULL,
  PRIMARY KEY (`PurchaseOrderId`),
  KEY `FContractId_idx` (`ContractId`),
  KEY `FUserId_idx` (`UserName`),
  CONSTRAINT `FContractId` FOREIGN KEY (`ContractId`) REFERENCES `contracts` (`ContractId`) ON DELETE CASCADE ON UPDATE CASCADE
) ENGINE=InnoDB DEFAULT CHARSET=utf8;
/*!40101 SET character_set_client = @saved_cs_client */;

--
-- Dumping data for table `purchaseorders`
--

LOCK TABLES `purchaseorders` WRITE;
/*!40000 ALTER TABLE `purchaseorders` DISABLE KEYS */;
/*!40000 ALTER TABLE `purchaseorders` ENABLE KEYS */;
UNLOCK TABLES;

--
-- Table structure for table `quotes`
--

DROP TABLE IF EXISTS `quotes`;
/*!40101 SET @saved_cs_client     = @@character_set_client */;
/*!40101 SET character_set_client = utf8 */;
CREATE TABLE `quotes` (
  `QuoteId` int(11) NOT NULL AUTO_INCREMENT,
  `Description` varchar(45) DEFAULT NULL,
  `PricePerUnit` double(11,4) DEFAULT NULL,
  `NUnits` double(11,4) DEFAULT NULL,
  `HourlyRate` double(11,4) DEFAULT NULL,
  `Technicians` double(11,4) DEFAULT NULL,
  `WeeklyHours` double(11,4) DEFAULT NULL,
  `Weeks` double(11,4) DEFAULT NULL,
  `Total` double(11,4) DEFAULT NULL,
  `RversionId` int(11) DEFAULT NULL,
  `TypeR` int(11) DEFAULT NULL,
  PRIMARY KEY (`QuoteId`),
  KEY `RversionId_idx` (`RversionId`),
  CONSTRAINT `RversionId` FOREIGN KEY (`RversionId`) REFERENCES `rversions` (`RversionId`) ON DELETE CASCADE ON UPDATE CASCADE
) ENGINE=InnoDB AUTO_INCREMENT=490 DEFAULT CHARSET=utf8;
/*!40101 SET character_set_client = @saved_cs_client */;

--
-- Dumping data for table `quotes`
--

LOCK TABLES `quotes` WRITE;
/*!40000 ALTER TABLE `quotes` DISABLE KEYS */;
INSERT INTO `quotes` VALUES (481,'Description 1',0.0000,0.0000,50.0000,3.0000,2.0000,1.0000,300.0000,139,1),(482,'Description 2',750.0000,2.0000,0.0000,0.0000,0.0000,0.0000,1500.0000,139,2),(484,'Description 1',0.0000,0.0000,50.0000,3.0000,2.0000,1.0000,300.0000,141,1),(485,'Description 2',750.0000,2.0000,0.0000,0.0000,0.0000,0.0000,1500.0000,141,2),(486,'Description 3',0.0000,0.0000,45.0000,3.0000,2.0000,2.0000,540.0000,141,1),(487,'Description 1',0.0000,0.0000,50.0000,3.0000,2.0000,1.0000,300.0000,142,1),(488,'Description 2',750.0000,2.0000,0.0000,0.0000,0.0000,0.0000,1500.0000,142,2),(489,'Description 3',0.0000,0.0000,45.0000,3.0000,2.0000,2.0000,540.0000,142,1);
/*!40000 ALTER TABLE `quotes` ENABLE KEYS */;
UNLOCK TABLES;

--
-- Table structure for table `quoteslist`
--

DROP TABLE IF EXISTS `quoteslist`;
/*!40101 SET @saved_cs_client     = @@character_set_client */;
/*!40101 SET character_set_client = utf8 */;
CREATE TABLE `quoteslist` (
  `QuotesListId` int(11) NOT NULL AUTO_INCREMENT,
  `Description` varchar(100) DEFAULT NULL,
  `Um` varchar(45) DEFAULT NULL,
  `Cost` double(11,4) DEFAULT NULL,
  `Price` double(11,4) DEFAULT NULL,
  PRIMARY KEY (`QuotesListId`)
) ENGINE=InnoDB AUTO_INCREMENT=8 DEFAULT CHARSET=utf8;
/*!40101 SET character_set_client = @saved_cs_client */;

--
-- Dumping data for table `quoteslist`
--

LOCK TABLES `quoteslist` WRITE;
/*!40000 ALTER TABLE `quoteslist` DISABLE KEYS */;
INSERT INTO `quoteslist` VALUES (1,'RATE STANDARD PER TECH','HOURLY',0.0000,75.0000),(2,'RATE CUSTOM PER TECH','HOURLY',0.0000,100.0000),(3,'RATE','FIXED',0.0000,0.0000),(4,'MOBILIZATION STANDARD IN','TECH',0.0000,750.0000),(5,'MOBILIZATION STANDARD OUT','TECH',0.0000,750.0000),(6,'MOBILIZATION CUSTOM IN','TECH',0.0000,0.0000),(7,'MOBILIZATION CUSTOM OUT','TECH',0.0000,0.0000);
/*!40000 ALTER TABLE `quoteslist` ENABLE KEYS */;
UNLOCK TABLES;

--
-- Table structure for table `rfqs`
--

DROP TABLE IF EXISTS `rfqs`;
/*!40101 SET @saved_cs_client     = @@character_set_client */;
/*!40101 SET character_set_client = utf8 */;
CREATE TABLE `rfqs` (
  `RfqId` int(11) NOT NULL AUTO_INCREMENT,
  `Status` varchar(45) NOT NULL,
  `ProjectName` varchar(45) DEFAULT NULL,
  `FarmId` int(11) DEFAULT NULL,
  PRIMARY KEY (`RfqId`),
  KEY `FarmId_idx` (`FarmId`),
  CONSTRAINT `FarmId` FOREIGN KEY (`FarmId`) REFERENCES `farms` (`FarmId`) ON DELETE CASCADE ON UPDATE CASCADE
) ENGINE=InnoDB AUTO_INCREMENT=1082 DEFAULT CHARSET=utf8;
/*!40101 SET character_set_client = @saved_cs_client */;

--
-- Dumping data for table `rfqs`
--

LOCK TABLES `rfqs` WRITE;
/*!40000 ALTER TABLE `rfqs` DISABLE KEYS */;
INSERT INTO `rfqs` VALUES (1081,'Contracted',NULL,1009);
/*!40000 ALTER TABLE `rfqs` ENABLE KEYS */;
UNLOCK TABLES;

--
-- Table structure for table `roles`
--

DROP TABLE IF EXISTS `roles`;
/*!40101 SET @saved_cs_client     = @@character_set_client */;
/*!40101 SET character_set_client = utf8 */;
CREATE TABLE `roles` (
  `Id` varchar(128) NOT NULL,
  `Name` varchar(256) NOT NULL,
  PRIMARY KEY (`Id`)
) ENGINE=InnoDB DEFAULT CHARSET=utf8;
/*!40101 SET character_set_client = @saved_cs_client */;

--
-- Dumping data for table `roles`
--

LOCK TABLES `roles` WRITE;
/*!40000 ALTER TABLE `roles` DISABLE KEYS */;
INSERT INTO `roles` VALUES ('1','Administrator'),('2','Technician'),('3','FieldManager'),('4','AFManager'),('5','EHSManager'),('6','SalesManager'),('7','RSourceManager'),('8','AAManager'),('9','Salesman');
/*!40000 ALTER TABLE `roles` ENABLE KEYS */;
UNLOCK TABLES;

--
-- Table structure for table `rversions`
--

DROP TABLE IF EXISTS `rversions`;
/*!40101 SET @saved_cs_client     = @@character_set_client */;
/*!40101 SET character_set_client = utf8 */;
CREATE TABLE `rversions` (
  `RversionId` int(11) NOT NULL AUTO_INCREMENT,
  `RfqId` int(11) DEFAULT NULL,
  `NumberVersion` tinyint(2) unsigned DEFAULT NULL,
  `Date` datetime DEFAULT NULL,
  `TypeWork` varchar(45) DEFAULT NULL,
  `ProjectDescription` text,
  `TotalCost` double(11,3) DEFAULT NULL,
  `Status` varchar(45) DEFAULT NULL,
  `NotesAndInstructions` text,
  `ScopeWorkId` int(11) DEFAULT NULL,
  `TermsandConditions` longtext,
  `MIPricePerTech` double(11,3) DEFAULT NULL,
  `MITechnicians` double(11,3) DEFAULT NULL,
  `MITotal` double(11,3) DEFAULT NULL,
  `MOPricePerTech` double(11,3) DEFAULT NULL,
  `MOTechnicians` double(11,3) DEFAULT NULL,
  `MOTotal` double(11,3) DEFAULT NULL,
  PRIMARY KEY (`RversionId`),
  KEY `Rfq_idx` (`RfqId`),
  KEY `ScopeWorkId_idx` (`ScopeWorkId`),
  CONSTRAINT `RfqId` FOREIGN KEY (`RfqId`) REFERENCES `rfqs` (`RfqId`) ON DELETE CASCADE ON UPDATE CASCADE,
  CONSTRAINT `ScopeWorkId` FOREIGN KEY (`ScopeWorkId`) REFERENCES `scopeworks` (`ScopeWorkId`) ON DELETE NO ACTION ON UPDATE NO ACTION
) ENGINE=InnoDB AUTO_INCREMENT=143 DEFAULT CHARSET=utf8;
/*!40101 SET character_set_client = @saved_cs_client */;

--
-- Dumping data for table `rversions`
--

LOCK TABLES `rversions` WRITE;
/*!40000 ALTER TABLE `rversions` DISABLE KEYS */;
INSERT INTO `rversions` VALUES (139,1081,1,'2017-12-27 12:23:26','1','DESCRIPTION TEST',0.000,'Closed','SPECIAL NOTES',15,'<p style=\"line-height:normal\">\r\n	<span lang=\"EN-US\" style=\"font-size:10.0pt\">The above pricing is valid 30 days from the bid date and is subject to change upon notice. All the above pricing does not include state, federal, or any applicable taxes. &nbsp;&nbsp;&nbsp;&nbsp;&nbsp;&nbsp;&nbsp;&nbsp;&nbsp;&nbsp;&nbsp;&nbsp;&nbsp;&nbsp;&nbsp;&nbsp;&nbsp;&nbsp;&nbsp;&nbsp;&nbsp;&nbsp;&nbsp;&nbsp;&nbsp;&nbsp;&nbsp;&nbsp;&nbsp;&nbsp;&nbsp;&nbsp;&nbsp;&nbsp;&nbsp;&nbsp;&nbsp;&nbsp;&nbsp;&nbsp;&nbsp;&nbsp;&nbsp;&nbsp;&nbsp;&nbsp;&nbsp;&nbsp;&nbsp;&nbsp;&nbsp;&nbsp;&nbsp;&nbsp;&nbsp;&nbsp;&nbsp;&nbsp;&nbsp;&nbsp;&nbsp;&nbsp;&nbsp;&nbsp;&nbsp;&nbsp;&nbsp;&nbsp;&nbsp;&nbsp;&nbsp;&nbsp;&nbsp; &nbsp;&nbsp;&nbsp;&nbsp;&nbsp;&nbsp;&nbsp;&nbsp;&nbsp;&nbsp;&nbsp;&nbsp;&nbsp;&nbsp;&nbsp; </span></p>\r\n<p style=\"line-height:normal\">\r\n	<span lang=\"EN-US\" style=\"font-size:10.0pt\">1. In the event of inclement weather, or other events beyond the control of Axis Renewable Group Inc., where work is suspended, Axis Renewable Group Inc. will receive compensation for actual hours lost not to exceed 40 hours per Week $75.00/ hour (40 Hours/Week Guarantee).&nbsp;&nbsp;&nbsp;&nbsp;&nbsp;&nbsp;&nbsp;&nbsp;&nbsp;&nbsp;&nbsp;&nbsp;&nbsp;&nbsp;&nbsp;&nbsp;&nbsp;&nbsp; </span></p>\r\n<p style=\"line-height:normal\">\r\n	<span lang=\"EN-US\" style=\"font-size:10.0pt\">2. No warranty or liability applies to any customer directed or managed work scope.&nbsp;&nbsp;&nbsp;&nbsp;&nbsp;&nbsp;&nbsp; </span></p>\r\n<p style=\"line-height:normal\">\r\n	<span lang=\"EN-US\" style=\"font-size:10.0pt\">3. Rates include workers equipped with Hand Tools commensurate with trade and Personal Protection Equipment including hard hat, safety glasses, gloves, safety shoes, and climbing harnesses, lanyards, and Lad-Safe.&nbsp;&nbsp;&nbsp;&nbsp;&nbsp;&nbsp;&nbsp;&nbsp;&nbsp;&nbsp;&nbsp;&nbsp;&nbsp;&nbsp;&nbsp;&nbsp;&nbsp;&nbsp;&nbsp;&nbsp;&nbsp;&nbsp;&nbsp;&nbsp;&nbsp;&nbsp;&nbsp;&nbsp;&nbsp;&nbsp;&nbsp;&nbsp;&nbsp;&nbsp;&nbsp;&nbsp;&nbsp;&nbsp;&nbsp;&nbsp;&nbsp;&nbsp;&nbsp;&nbsp;&nbsp;&nbsp;&nbsp;&nbsp;&nbsp;&nbsp;&nbsp;&nbsp;&nbsp;&nbsp;&nbsp;&nbsp;&nbsp;&nbsp;&nbsp;&nbsp;&nbsp;&nbsp;&nbsp;&nbsp;&nbsp; &nbsp;&nbsp;&nbsp;&nbsp;&nbsp;&nbsp;&nbsp;&nbsp;&nbsp;&nbsp;&nbsp;&nbsp;&nbsp;&nbsp;&nbsp;&nbsp;&nbsp;&nbsp;&nbsp;&nbsp;&nbsp;&nbsp;&nbsp;&nbsp;&nbsp;&nbsp;&nbsp;&nbsp;&nbsp;&nbsp;&nbsp;&nbsp;&nbsp;&nbsp;&nbsp;&nbsp;&nbsp;&nbsp;&nbsp;&nbsp;&nbsp;&nbsp;&nbsp;&nbsp;&nbsp;&nbsp;&nbsp;&nbsp;&nbsp;&nbsp;&nbsp;&nbsp;&nbsp;&nbsp;&nbsp;&nbsp;&nbsp;&nbsp;&nbsp;&nbsp;&nbsp;&nbsp;&nbsp;&nbsp;&nbsp;&nbsp;&nbsp;&nbsp;&nbsp;&nbsp;&nbsp;&nbsp;&nbsp;&nbsp;&nbsp;&nbsp;&nbsp;&nbsp;&nbsp;&nbsp;&nbsp;&nbsp;&nbsp;&nbsp;&nbsp;&nbsp;&nbsp;&nbsp;&nbsp;&nbsp;&nbsp;&nbsp;&nbsp;&nbsp;&nbsp;&nbsp;&nbsp;&nbsp;&nbsp;&nbsp;&nbsp;&nbsp;&nbsp;&nbsp;&nbsp;&nbsp;&nbsp;&nbsp;&nbsp;&nbsp;&nbsp; </span></p>\r\n<p style=\"line-height:normal\">\r\n	<span lang=\"EN-US\" style=\"font-size:10.0pt\">4. Payment is due within 30 days of invoice date. A finance charge of 2% per month will apply to overdue invoices starting at 60 days.&nbsp;&nbsp;&nbsp;&nbsp;&nbsp;&nbsp;&nbsp;&nbsp;&nbsp;&nbsp;&nbsp;&nbsp;&nbsp;&nbsp;&nbsp;&nbsp;&nbsp;&nbsp;&nbsp;&nbsp;&nbsp;&nbsp;&nbsp;&nbsp;&nbsp;&nbsp;&nbsp;&nbsp;&nbsp;&nbsp;&nbsp;&nbsp;&nbsp;&nbsp;&nbsp;&nbsp;&nbsp;&nbsp;&nbsp;&nbsp;&nbsp;&nbsp;&nbsp;&nbsp;&nbsp;&nbsp;&nbsp;&nbsp;&nbsp;&nbsp;&nbsp;&nbsp;&nbsp;&nbsp;&nbsp;&nbsp;&nbsp;&nbsp;&nbsp;&nbsp;&nbsp;&nbsp;&nbsp;&nbsp;&nbsp;&nbsp;&nbsp;&nbsp;&nbsp;&nbsp;&nbsp;&nbsp;&nbsp;&nbsp;&nbsp;&nbsp;&nbsp;&nbsp;&nbsp;&nbsp;&nbsp;&nbsp;&nbsp;&nbsp;&nbsp;&nbsp;&nbsp;&nbsp;&nbsp;&nbsp;&nbsp;&nbsp;&nbsp;&nbsp;&nbsp;&nbsp;&nbsp;&nbsp;&nbsp;&nbsp;&nbsp;&nbsp;&nbsp;&nbsp;&nbsp;&nbsp;&nbsp;&nbsp;&nbsp;&nbsp;&nbsp;&nbsp;&nbsp;&nbsp;&nbsp;&nbsp;&nbsp;&nbsp; </span></p>\r\n<p style=\"line-height:normal\">\r\n	<span lang=\"EN-US\" style=\"font-size:10.0pt\">5. Crew skill mix will be optimized by Axis Renewable Group, Inc. to control cost and ensure success.&nbsp;&nbsp;&nbsp;&nbsp;&nbsp;&nbsp;&nbsp;&nbsp;&nbsp;&nbsp; </span></p>\r\n<p style=\"line-height:normal\">\r\n	<span lang=\"EN-US\" style=\"font-size:10.0pt\">6. Each Axis Renewable Group, Inc. employee will be furnished with on-site safety orientation by a Customer Site Representative or Designee. </span></p>\r\n<p style=\"line-height:normal\">\r\n	<span lang=\"EN-US\" style=\"font-size:10.0pt\">7. Customer will be responsible for the proper disposal for all onsite generated waste, and will provide proper disposal containers for waste storing while onsite. </span></p>\r\n<p style=\"line-height:normal\">\r\n	<span lang=\"EN-US\" style=\"font-size:10.0pt\">8. Mobilization will occur upon Axis Renewable Group, Inc. receiving purchase order from Nordex.&nbsp;&nbsp;&nbsp;&nbsp;&nbsp;&nbsp;&nbsp;&nbsp;&nbsp;&nbsp;&nbsp;&nbsp;&nbsp;&nbsp; </span></p>\r\n<p style=\"line-height:normal\">\r\n	<span lang=\"EN-US\" style=\"font-size:10.0pt\">9. Axis Renewable Group, Inc. technicians usually work 6 weeks with one long weekend at home for R&amp;R. This can be changed with any agreements between Axis Renewable Group, Inc. and Nordex.&nbsp;&nbsp;&nbsp;&nbsp;&nbsp;&nbsp;&nbsp;&nbsp;&nbsp;&nbsp;&nbsp;&nbsp;&nbsp;&nbsp; </span></p>\r\n<p style=\"line-height:normal\">\r\n	<span lang=\"EN-US\" style=\"font-size:10.0pt\">10. Any changes to the scope of work should be discussed and approved by Nordex and the new scope of work should be clearly provided to Axis Renewable Group, Inc. and a new proposal and contract executed.&nbsp;&nbsp;&nbsp;&nbsp;&nbsp;&nbsp;&nbsp;&nbsp;&nbsp;&nbsp;&nbsp;&nbsp;&nbsp;&nbsp;&nbsp;&nbsp;&nbsp;&nbsp;&nbsp;&nbsp;&nbsp;&nbsp;&nbsp;&nbsp;&nbsp;&nbsp;&nbsp;&nbsp;&nbsp;&nbsp;&nbsp;&nbsp;&nbsp;&nbsp;&nbsp;&nbsp;&nbsp;&nbsp;&nbsp;&nbsp;&nbsp;&nbsp;&nbsp;&nbsp;&nbsp;&nbsp;&nbsp;&nbsp;&nbsp;&nbsp;&nbsp;&nbsp;&nbsp;&nbsp;&nbsp;&nbsp;&nbsp;&nbsp;&nbsp;&nbsp;&nbsp;&nbsp;&nbsp;&nbsp;&nbsp;&nbsp;&nbsp;&nbsp;&nbsp;&nbsp;&nbsp;&nbsp; &nbsp;&nbsp;&nbsp;&nbsp;&nbsp;&nbsp;&nbsp;&nbsp;&nbsp;&nbsp;&nbsp;&nbsp;&nbsp;&nbsp;&nbsp;&nbsp;&nbsp;&nbsp;&nbsp;&nbsp;&nbsp;&nbsp;&nbsp;&nbsp;&nbsp;&nbsp;&nbsp;&nbsp;&nbsp;&nbsp;&nbsp;&nbsp;&nbsp;&nbsp;&nbsp;&nbsp;&nbsp;&nbsp;&nbsp;&nbsp;&nbsp;&nbsp;&nbsp;&nbsp;&nbsp;&nbsp;&nbsp;&nbsp;&nbsp;&nbsp;&nbsp;&nbsp;&nbsp;&nbsp;&nbsp;&nbsp;&nbsp;&nbsp;&nbsp;&nbsp;&nbsp;&nbsp;&nbsp;&nbsp;&nbsp;&nbsp;&nbsp;&nbsp;&nbsp;&nbsp;&nbsp;&nbsp;&nbsp;&nbsp;&nbsp;&nbsp;&nbsp;&nbsp;&nbsp; &nbsp;&nbsp;&nbsp;&nbsp;&nbsp;&nbsp;&nbsp;&nbsp;&nbsp;&nbsp;&nbsp;&nbsp;&nbsp;&nbsp;&nbsp; </span></p>\r\n<p align=\"center\" style=\"text-align:center;line-height:normal\">\r\n	<b><span lang=\"EN-US\" style=\"font-size:10.0pt\">The terms of this contract will be accepted by a purchase order or written acknowledgment to AxisRGG </span> </b></p>\r\n',75.000,2.000,150.000,75.000,2.000,150.000),(141,1081,2,'2017-12-29 12:17:48','1','DESCRIPTION TEST',0.000,'Closed','SPECIAL NOTES',15,'<p style=\"line-height:normal\">\r\n	<span lang=\"EN-US\" style=\"font-size:10.0pt\">The above pricing is valid 30 days from the bid date and is subject to change upon notice. All the above pricing does not include state, federal, or any applicable taxes. &nbsp;&nbsp;&nbsp;&nbsp;&nbsp;&nbsp;&nbsp;&nbsp;&nbsp;&nbsp;&nbsp;&nbsp;&nbsp;&nbsp;&nbsp;&nbsp;&nbsp;&nbsp;&nbsp;&nbsp;&nbsp;&nbsp;&nbsp;&nbsp;&nbsp;&nbsp;&nbsp;&nbsp;&nbsp;&nbsp;&nbsp;&nbsp;&nbsp;&nbsp;&nbsp;&nbsp;&nbsp;&nbsp;&nbsp;&nbsp;&nbsp;&nbsp;&nbsp;&nbsp;&nbsp;&nbsp;&nbsp;&nbsp;&nbsp;&nbsp;&nbsp;&nbsp;&nbsp;&nbsp;&nbsp;&nbsp;&nbsp;&nbsp;&nbsp;&nbsp;&nbsp;&nbsp;&nbsp;&nbsp;&nbsp;&nbsp;&nbsp;&nbsp;&nbsp;&nbsp;&nbsp;&nbsp;&nbsp; &nbsp;&nbsp;&nbsp;&nbsp;&nbsp;&nbsp;&nbsp;&nbsp;&nbsp;&nbsp;&nbsp;&nbsp;&nbsp;&nbsp;&nbsp; </span></p>\r\n<p style=\"line-height:normal\">\r\n	<span lang=\"EN-US\" style=\"font-size:10.0pt\">1. In the event of inclement weather, or other events beyond the control of Axis Renewable Group Inc., where work is suspended, Axis Renewable Group Inc. will receive compensation for actual hours lost not to exceed 40 hours per Week $75.00/ hour (40 Hours/Week Guarantee).&nbsp;&nbsp;&nbsp;&nbsp;&nbsp;&nbsp;&nbsp;&nbsp;&nbsp;&nbsp;&nbsp;&nbsp;&nbsp;&nbsp;&nbsp;&nbsp;&nbsp;&nbsp; </span></p>\r\n<p style=\"line-height:normal\">\r\n	<span lang=\"EN-US\" style=\"font-size:10.0pt\">2. No warranty or liability applies to any customer directed or managed work scope.&nbsp;&nbsp;&nbsp;&nbsp;&nbsp;&nbsp;&nbsp; </span></p>\r\n<p style=\"line-height:normal\">\r\n	<span lang=\"EN-US\" style=\"font-size:10.0pt\">3. Rates include workers equipped with Hand Tools commensurate with trade and Personal Protection Equipment including hard hat, safety glasses, gloves, safety shoes, and climbing harnesses, lanyards, and Lad-Safe.&nbsp;&nbsp;&nbsp;&nbsp;&nbsp;&nbsp;&nbsp;&nbsp;&nbsp;&nbsp;&nbsp;&nbsp;&nbsp;&nbsp;&nbsp;&nbsp;&nbsp;&nbsp;&nbsp;&nbsp;&nbsp;&nbsp;&nbsp;&nbsp;&nbsp;&nbsp;&nbsp;&nbsp;&nbsp;&nbsp;&nbsp;&nbsp;&nbsp;&nbsp;&nbsp;&nbsp;&nbsp;&nbsp;&nbsp;&nbsp;&nbsp;&nbsp;&nbsp;&nbsp;&nbsp;&nbsp;&nbsp;&nbsp;&nbsp;&nbsp;&nbsp;&nbsp;&nbsp;&nbsp;&nbsp;&nbsp;&nbsp;&nbsp;&nbsp;&nbsp;&nbsp;&nbsp;&nbsp;&nbsp;&nbsp; &nbsp;&nbsp;&nbsp;&nbsp;&nbsp;&nbsp;&nbsp;&nbsp;&nbsp;&nbsp;&nbsp;&nbsp;&nbsp;&nbsp;&nbsp;&nbsp;&nbsp;&nbsp;&nbsp;&nbsp;&nbsp;&nbsp;&nbsp;&nbsp;&nbsp;&nbsp;&nbsp;&nbsp;&nbsp;&nbsp;&nbsp;&nbsp;&nbsp;&nbsp;&nbsp;&nbsp;&nbsp;&nbsp;&nbsp;&nbsp;&nbsp;&nbsp;&nbsp;&nbsp;&nbsp;&nbsp;&nbsp;&nbsp;&nbsp;&nbsp;&nbsp;&nbsp;&nbsp;&nbsp;&nbsp;&nbsp;&nbsp;&nbsp;&nbsp;&nbsp;&nbsp;&nbsp;&nbsp;&nbsp;&nbsp;&nbsp;&nbsp;&nbsp;&nbsp;&nbsp;&nbsp;&nbsp;&nbsp;&nbsp;&nbsp;&nbsp;&nbsp;&nbsp;&nbsp;&nbsp;&nbsp;&nbsp;&nbsp;&nbsp;&nbsp;&nbsp;&nbsp;&nbsp;&nbsp;&nbsp;&nbsp;&nbsp;&nbsp;&nbsp;&nbsp;&nbsp;&nbsp;&nbsp;&nbsp;&nbsp;&nbsp;&nbsp;&nbsp;&nbsp;&nbsp;&nbsp;&nbsp;&nbsp;&nbsp;&nbsp;&nbsp; </span></p>\r\n<p style=\"line-height:normal\">\r\n	<span lang=\"EN-US\" style=\"font-size:10.0pt\">4. Payment is due within 30 days of invoice date. A finance charge of 2% per month will apply to overdue invoices starting at 60 days.&nbsp;&nbsp;&nbsp;&nbsp;&nbsp;&nbsp;&nbsp;&nbsp;&nbsp;&nbsp;&nbsp;&nbsp;&nbsp;&nbsp;&nbsp;&nbsp;&nbsp;&nbsp;&nbsp;&nbsp;&nbsp;&nbsp;&nbsp;&nbsp;&nbsp;&nbsp;&nbsp;&nbsp;&nbsp;&nbsp;&nbsp;&nbsp;&nbsp;&nbsp;&nbsp;&nbsp;&nbsp;&nbsp;&nbsp;&nbsp;&nbsp;&nbsp;&nbsp;&nbsp;&nbsp;&nbsp;&nbsp;&nbsp;&nbsp;&nbsp;&nbsp;&nbsp;&nbsp;&nbsp;&nbsp;&nbsp;&nbsp;&nbsp;&nbsp;&nbsp;&nbsp;&nbsp;&nbsp;&nbsp;&nbsp;&nbsp;&nbsp;&nbsp;&nbsp;&nbsp;&nbsp;&nbsp;&nbsp;&nbsp;&nbsp;&nbsp;&nbsp;&nbsp;&nbsp;&nbsp;&nbsp;&nbsp;&nbsp;&nbsp;&nbsp;&nbsp;&nbsp;&nbsp;&nbsp;&nbsp;&nbsp;&nbsp;&nbsp;&nbsp;&nbsp;&nbsp;&nbsp;&nbsp;&nbsp;&nbsp;&nbsp;&nbsp;&nbsp;&nbsp;&nbsp;&nbsp;&nbsp;&nbsp;&nbsp;&nbsp;&nbsp;&nbsp;&nbsp;&nbsp;&nbsp;&nbsp;&nbsp;&nbsp; </span></p>\r\n<p style=\"line-height:normal\">\r\n	<span lang=\"EN-US\" style=\"font-size:10.0pt\">5. Crew skill mix will be optimized by Axis Renewable Group, Inc. to control cost and ensure success.&nbsp;&nbsp;&nbsp;&nbsp;&nbsp;&nbsp;&nbsp;&nbsp;&nbsp;&nbsp; </span></p>\r\n<p style=\"line-height:normal\">\r\n	<span lang=\"EN-US\" style=\"font-size:10.0pt\">6. Each Axis Renewable Group, Inc. employee will be furnished with on-site safety orientation by a Customer Site Representative or Designee. </span></p>\r\n<p style=\"line-height:normal\">\r\n	<span lang=\"EN-US\" style=\"font-size:10.0pt\">7. Customer will be responsible for the proper disposal for all onsite generated waste, and will provide proper disposal containers for waste storing while onsite. </span></p>\r\n<p style=\"line-height:normal\">\r\n	<span lang=\"EN-US\" style=\"font-size:10.0pt\">8. Mobilization will occur upon Axis Renewable Group, Inc. receiving purchase order from Nordex.&nbsp;&nbsp;&nbsp;&nbsp;&nbsp;&nbsp;&nbsp;&nbsp;&nbsp;&nbsp;&nbsp;&nbsp;&nbsp;&nbsp; </span></p>\r\n<p style=\"line-height:normal\">\r\n	<span lang=\"EN-US\" style=\"font-size:10.0pt\">9. Axis Renewable Group, Inc. technicians usually work 6 weeks with one long weekend at home for R&amp;R. This can be changed with any agreements between Axis Renewable Group, Inc. and Nordex.&nbsp;&nbsp;&nbsp;&nbsp;&nbsp;&nbsp;&nbsp;&nbsp;&nbsp;&nbsp;&nbsp;&nbsp;&nbsp;&nbsp; </span></p>\r\n<p style=\"line-height:normal\">\r\n	<span lang=\"EN-US\" style=\"font-size:10.0pt\">10. Any changes to the scope of work should be discussed and approved by Nordex and the new scope of work should be clearly provided to Axis Renewable Group, Inc. and a new proposal and contract executed.&nbsp;&nbsp;&nbsp;&nbsp;&nbsp;&nbsp;&nbsp;&nbsp;&nbsp;&nbsp;&nbsp;&nbsp;&nbsp;&nbsp;&nbsp;&nbsp;&nbsp;&nbsp;&nbsp;&nbsp;&nbsp;&nbsp;&nbsp;&nbsp;&nbsp;&nbsp;&nbsp;&nbsp;&nbsp;&nbsp;&nbsp;&nbsp;&nbsp;&nbsp;&nbsp;&nbsp;&nbsp;&nbsp;&nbsp;&nbsp;&nbsp;&nbsp;&nbsp;&nbsp;&nbsp;&nbsp;&nbsp;&nbsp;&nbsp;&nbsp;&nbsp;&nbsp;&nbsp;&nbsp;&nbsp;&nbsp;&nbsp;&nbsp;&nbsp;&nbsp;&nbsp;&nbsp;&nbsp;&nbsp;&nbsp;&nbsp;&nbsp;&nbsp;&nbsp;&nbsp;&nbsp;&nbsp; &nbsp;&nbsp;&nbsp;&nbsp;&nbsp;&nbsp;&nbsp;&nbsp;&nbsp;&nbsp;&nbsp;&nbsp;&nbsp;&nbsp;&nbsp;&nbsp;&nbsp;&nbsp;&nbsp;&nbsp;&nbsp;&nbsp;&nbsp;&nbsp;&nbsp;&nbsp;&nbsp;&nbsp;&nbsp;&nbsp;&nbsp;&nbsp;&nbsp;&nbsp;&nbsp;&nbsp;&nbsp;&nbsp;&nbsp;&nbsp;&nbsp;&nbsp;&nbsp;&nbsp;&nbsp;&nbsp;&nbsp;&nbsp;&nbsp;&nbsp;&nbsp;&nbsp;&nbsp;&nbsp;&nbsp;&nbsp;&nbsp;&nbsp;&nbsp;&nbsp;&nbsp;&nbsp;&nbsp;&nbsp;&nbsp;&nbsp;&nbsp;&nbsp;&nbsp;&nbsp;&nbsp;&nbsp;&nbsp;&nbsp;&nbsp;&nbsp;&nbsp;&nbsp;&nbsp; &nbsp;&nbsp;&nbsp;&nbsp;&nbsp;&nbsp;&nbsp;&nbsp;&nbsp;&nbsp;&nbsp;&nbsp;&nbsp;&nbsp;&nbsp; </span></p>\r\n<p align=\"center\" style=\"text-align:center;line-height:normal\">\r\n	<b><span lang=\"EN-US\" style=\"font-size:10.0pt\">The terms of this contract will be accepted by a purchase order or written acknowledgment to AxisRGG </span> </b></p>\r\n',75.000,2.000,150.000,75.000,2.000,150.000),(142,1081,3,'2017-12-29 12:25:18','1','DESCRIPTION TEST',0.000,'Contracted','SPECIAL NOTES',15,'<p style=\"line-height:normal\">\r\n	<span lang=\"EN-US\" style=\"font-size:10.0pt\">The above pricing is valid 30 days from the bid date and is subject to change upon notice. All the above pricing does not include state, federal, or any applicable taxes. &nbsp;&nbsp;&nbsp;&nbsp;&nbsp;&nbsp;&nbsp;&nbsp;&nbsp;&nbsp;&nbsp;&nbsp;&nbsp;&nbsp;&nbsp;&nbsp;&nbsp;&nbsp;&nbsp;&nbsp;&nbsp;&nbsp;&nbsp;&nbsp;&nbsp;&nbsp;&nbsp;&nbsp;&nbsp;&nbsp;&nbsp;&nbsp;&nbsp;&nbsp;&nbsp;&nbsp;&nbsp;&nbsp;&nbsp;&nbsp;&nbsp;&nbsp;&nbsp;&nbsp;&nbsp;&nbsp;&nbsp;&nbsp;&nbsp;&nbsp;&nbsp;&nbsp;&nbsp;&nbsp;&nbsp;&nbsp;&nbsp;&nbsp;&nbsp;&nbsp;&nbsp;&nbsp;&nbsp;&nbsp;&nbsp;&nbsp;&nbsp;&nbsp;&nbsp;&nbsp;&nbsp;&nbsp;&nbsp; &nbsp;&nbsp;&nbsp;&nbsp;&nbsp;&nbsp;&nbsp;&nbsp;&nbsp;&nbsp;&nbsp;&nbsp;&nbsp;&nbsp;&nbsp; </span></p>\r\n<p style=\"line-height:normal\">\r\n	<span lang=\"EN-US\" style=\"font-size:10.0pt\">1. In the event of inclement weather, or other events beyond the control of Axis Renewable Group Inc., where work is suspended, Axis Renewable Group Inc. will receive compensation for actual hours lost not to exceed 40 hours per Week $75.00/ hour (40 Hours/Week Guarantee).&nbsp;&nbsp;&nbsp;&nbsp;&nbsp;&nbsp;&nbsp;&nbsp;&nbsp;&nbsp;&nbsp;&nbsp;&nbsp;&nbsp;&nbsp;&nbsp;&nbsp;&nbsp; </span></p>\r\n<p style=\"line-height:normal\">\r\n	<span lang=\"EN-US\" style=\"font-size:10.0pt\">2. No warranty or liability applies to any customer directed or managed work scope.&nbsp;&nbsp;&nbsp;&nbsp;&nbsp;&nbsp;&nbsp; </span></p>\r\n<p style=\"line-height:normal\">\r\n	<span lang=\"EN-US\" style=\"font-size:10.0pt\">3. Rates include workers equipped with Hand Tools commensurate with trade and Personal Protection Equipment including hard hat, safety glasses, gloves, safety shoes, and climbing harnesses, lanyards, and Lad-Safe.&nbsp;&nbsp;&nbsp;&nbsp;&nbsp;&nbsp;&nbsp;&nbsp;&nbsp;&nbsp;&nbsp;&nbsp;&nbsp;&nbsp;&nbsp;&nbsp;&nbsp;&nbsp;&nbsp;&nbsp;&nbsp;&nbsp;&nbsp;&nbsp;&nbsp;&nbsp;&nbsp;&nbsp;&nbsp;&nbsp;&nbsp;&nbsp;&nbsp;&nbsp;&nbsp;&nbsp;&nbsp;&nbsp;&nbsp;&nbsp;&nbsp;&nbsp;&nbsp;&nbsp;&nbsp;&nbsp;&nbsp;&nbsp;&nbsp;&nbsp;&nbsp;&nbsp;&nbsp;&nbsp;&nbsp;&nbsp;&nbsp;&nbsp;&nbsp;&nbsp;&nbsp;&nbsp;&nbsp;&nbsp;&nbsp; &nbsp;&nbsp;&nbsp;&nbsp;&nbsp;&nbsp;&nbsp;&nbsp;&nbsp;&nbsp;&nbsp;&nbsp;&nbsp;&nbsp;&nbsp;&nbsp;&nbsp;&nbsp;&nbsp;&nbsp;&nbsp;&nbsp;&nbsp;&nbsp;&nbsp;&nbsp;&nbsp;&nbsp;&nbsp;&nbsp;&nbsp;&nbsp;&nbsp;&nbsp;&nbsp;&nbsp;&nbsp;&nbsp;&nbsp;&nbsp;&nbsp;&nbsp;&nbsp;&nbsp;&nbsp;&nbsp;&nbsp;&nbsp;&nbsp;&nbsp;&nbsp;&nbsp;&nbsp;&nbsp;&nbsp;&nbsp;&nbsp;&nbsp;&nbsp;&nbsp;&nbsp;&nbsp;&nbsp;&nbsp;&nbsp;&nbsp;&nbsp;&nbsp;&nbsp;&nbsp;&nbsp;&nbsp;&nbsp;&nbsp;&nbsp;&nbsp;&nbsp;&nbsp;&nbsp;&nbsp;&nbsp;&nbsp;&nbsp;&nbsp;&nbsp;&nbsp;&nbsp;&nbsp;&nbsp;&nbsp;&nbsp;&nbsp;&nbsp;&nbsp;&nbsp;&nbsp;&nbsp;&nbsp;&nbsp;&nbsp;&nbsp;&nbsp;&nbsp;&nbsp;&nbsp;&nbsp;&nbsp;&nbsp;&nbsp;&nbsp;&nbsp; </span></p>\r\n<p style=\"line-height:normal\">\r\n	<span lang=\"EN-US\" style=\"font-size:10.0pt\">4. Payment is due within 30 days of invoice date. A finance charge of 2% per month will apply to overdue invoices starting at 60 days.&nbsp;&nbsp;&nbsp;&nbsp;&nbsp;&nbsp;&nbsp;&nbsp;&nbsp;&nbsp;&nbsp;&nbsp;&nbsp;&nbsp;&nbsp;&nbsp;&nbsp;&nbsp;&nbsp;&nbsp;&nbsp;&nbsp;&nbsp;&nbsp;&nbsp;&nbsp;&nbsp;&nbsp;&nbsp;&nbsp;&nbsp;&nbsp;&nbsp;&nbsp;&nbsp;&nbsp;&nbsp;&nbsp;&nbsp;&nbsp;&nbsp;&nbsp;&nbsp;&nbsp;&nbsp;&nbsp;&nbsp;&nbsp;&nbsp;&nbsp;&nbsp;&nbsp;&nbsp;&nbsp;&nbsp;&nbsp;&nbsp;&nbsp;&nbsp;&nbsp;&nbsp;&nbsp;&nbsp;&nbsp;&nbsp;&nbsp;&nbsp;&nbsp;&nbsp;&nbsp;&nbsp;&nbsp;&nbsp;&nbsp;&nbsp;&nbsp;&nbsp;&nbsp;&nbsp;&nbsp;&nbsp;&nbsp;&nbsp;&nbsp;&nbsp;&nbsp;&nbsp;&nbsp;&nbsp;&nbsp;&nbsp;&nbsp;&nbsp;&nbsp;&nbsp;&nbsp;&nbsp;&nbsp;&nbsp;&nbsp;&nbsp;&nbsp;&nbsp;&nbsp;&nbsp;&nbsp;&nbsp;&nbsp;&nbsp;&nbsp;&nbsp;&nbsp;&nbsp;&nbsp;&nbsp;&nbsp;&nbsp;&nbsp; </span></p>\r\n<p style=\"line-height:normal\">\r\n	<span lang=\"EN-US\" style=\"font-size:10.0pt\">5. Crew skill mix will be optimized by Axis Renewable Group, Inc. to control cost and ensure success.&nbsp;&nbsp;&nbsp;&nbsp;&nbsp;&nbsp;&nbsp;&nbsp;&nbsp;&nbsp; </span></p>\r\n<p style=\"line-height:normal\">\r\n	<span lang=\"EN-US\" style=\"font-size:10.0pt\">6. Each Axis Renewable Group, Inc. employee will be furnished with on-site safety orientation by a Customer Site Representative or Designee. </span></p>\r\n<p style=\"line-height:normal\">\r\n	<span lang=\"EN-US\" style=\"font-size:10.0pt\">7. Customer will be responsible for the proper disposal for all onsite generated waste, and will provide proper disposal containers for waste storing while onsite. </span></p>\r\n<p style=\"line-height:normal\">\r\n	<span lang=\"EN-US\" style=\"font-size:10.0pt\">8. Mobilization will occur upon Axis Renewable Group, Inc. receiving purchase order from Nordex.&nbsp;&nbsp;&nbsp;&nbsp;&nbsp;&nbsp;&nbsp;&nbsp;&nbsp;&nbsp;&nbsp;&nbsp;&nbsp;&nbsp; </span></p>\r\n<p style=\"line-height:normal\">\r\n	<span lang=\"EN-US\" style=\"font-size:10.0pt\">9. Axis Renewable Group, Inc. technicians usually work 6 weeks with one long weekend at home for R&amp;R. This can be changed with any agreements between Axis Renewable Group, Inc. and Nordex.&nbsp;&nbsp;&nbsp;&nbsp;&nbsp;&nbsp;&nbsp;&nbsp;&nbsp;&nbsp;&nbsp;&nbsp;&nbsp;&nbsp; </span></p>\r\n<p style=\"line-height:normal\">\r\n	<span lang=\"EN-US\" style=\"font-size:10.0pt\">10. Any changes to the scope of work should be discussed and approved by Nordex and the new scope of work should be clearly provided to Axis Renewable Group, Inc. and a new proposal and contract executed.&nbsp;&nbsp;&nbsp;&nbsp;&nbsp;&nbsp;&nbsp;&nbsp;&nbsp;&nbsp;&nbsp;&nbsp;&nbsp;&nbsp;&nbsp;&nbsp;&nbsp;&nbsp;&nbsp;&nbsp;&nbsp;&nbsp;&nbsp;&nbsp;&nbsp;&nbsp;&nbsp;&nbsp;&nbsp;&nbsp;&nbsp;&nbsp;&nbsp;&nbsp;&nbsp;&nbsp;&nbsp;&nbsp;&nbsp;&nbsp;&nbsp;&nbsp;&nbsp;&nbsp;&nbsp;&nbsp;&nbsp;&nbsp;&nbsp;&nbsp;&nbsp;&nbsp;&nbsp;&nbsp;&nbsp;&nbsp;&nbsp;&nbsp;&nbsp;&nbsp;&nbsp;&nbsp;&nbsp;&nbsp;&nbsp;&nbsp;&nbsp;&nbsp;&nbsp;&nbsp;&nbsp;&nbsp; &nbsp;&nbsp;&nbsp;&nbsp;&nbsp;&nbsp;&nbsp;&nbsp;&nbsp;&nbsp;&nbsp;&nbsp;&nbsp;&nbsp;&nbsp;&nbsp;&nbsp;&nbsp;&nbsp;&nbsp;&nbsp;&nbsp;&nbsp;&nbsp;&nbsp;&nbsp;&nbsp;&nbsp;&nbsp;&nbsp;&nbsp;&nbsp;&nbsp;&nbsp;&nbsp;&nbsp;&nbsp;&nbsp;&nbsp;&nbsp;&nbsp;&nbsp;&nbsp;&nbsp;&nbsp;&nbsp;&nbsp;&nbsp;&nbsp;&nbsp;&nbsp;&nbsp;&nbsp;&nbsp;&nbsp;&nbsp;&nbsp;&nbsp;&nbsp;&nbsp;&nbsp;&nbsp;&nbsp;&nbsp;&nbsp;&nbsp;&nbsp;&nbsp;&nbsp;&nbsp;&nbsp;&nbsp;&nbsp;&nbsp;&nbsp;&nbsp;&nbsp;&nbsp;&nbsp; &nbsp;&nbsp;&nbsp;&nbsp;&nbsp;&nbsp;&nbsp;&nbsp;&nbsp;&nbsp;&nbsp;&nbsp;&nbsp;&nbsp;&nbsp; </span></p>\r\n<p align=\"center\" style=\"text-align:center;line-height:normal\">\r\n	<b><span lang=\"EN-US\" style=\"font-size:10.0pt\">The terms of this contract will be accepted by a purchase order or written acknowledgment to AxisRGG </span> </b></p>\r\n',75.000,2.000,150.000,75.000,2.000,150.000);
/*!40000 ALTER TABLE `rversions` ENABLE KEYS */;
UNLOCK TABLES;

--
-- Table structure for table `scopeworks`
--

DROP TABLE IF EXISTS `scopeworks`;
/*!40101 SET @saved_cs_client     = @@character_set_client */;
/*!40101 SET character_set_client = utf8 */;
CREATE TABLE `scopeworks` (
  `ScopeWorkId` int(11) NOT NULL AUTO_INCREMENT,
  `TypeWork` varchar(45) DEFAULT NULL,
  `Work` varchar(45) DEFAULT NULL,
  PRIMARY KEY (`ScopeWorkId`)
) ENGINE=InnoDB AUTO_INCREMENT=22 DEFAULT CHARSET=utf8;
/*!40101 SET character_set_client = @saved_cs_client */;

--
-- Dumping data for table `scopeworks`
--

LOCK TABLES `scopeworks` WRITE;
/*!40000 ALTER TABLE `scopeworks` DISABLE KEYS */;
INSERT INTO `scopeworks` VALUES (1,'SERVICES','OEM SUPPORT'),(2,'SERVICES','LARGE CORRECTIVE CONVERTER'),(3,'SERVICES','LARGE CORRECTIVE GEARBOX'),(4,'SERVICES','LARGE CORRECTIVE GENERATOR'),(5,'SERVICES','LARGE CORRECTIVE TRANSFORMER'),(6,'SERVICES','LARGE CORRECTIVE OPEN'),(7,'SERVICES','PREVENTIVE MAINTENANCE 3 MONTH'),(8,'SERVICES','PREVENTIVE MAINTENANCE 6 MONTH'),(9,'SERVICES','PREVENTIVE MAINTENANCE 12 MONTH'),(10,'SERVICES','PREVENTIVE MAINTENANCE TRANSFORMER'),(11,'SERVICES','PREVENTIVE MAINTENANCE OPEN'),(12,'SERVICES','DESIGN MODIFICATION'),(13,'SERVICES','INSPECTION'),(14,'SERVICES','OPEN'),(15,'CONSTRUCT','TECHNICAL ADVISORS'),(16,'CONSTRUCT','QA / QC'),(17,'CONSTRUCT','BLADE'),(18,'CONSTRUCT','NCR'),(19,'CONSTRUCT','LOGISTICS'),(20,'CONSTRUCT','COMMISION'),(21,'CONSTRUCT','OPEN');
/*!40000 ALTER TABLE `scopeworks` ENABLE KEYS */;
UNLOCK TABLES;

--
-- Table structure for table `shippings`
--

DROP TABLE IF EXISTS `shippings`;
/*!40101 SET @saved_cs_client     = @@character_set_client */;
/*!40101 SET character_set_client = utf8 */;
CREATE TABLE `shippings` (
  `PurchaseOrderId` int(11) NOT NULL,
  `PackingList` text,
  `AirwayBill` varchar(45) DEFAULT NULL,
  `Cost` double DEFAULT '0',
  `Comment` varchar(200) DEFAULT NULL,
  PRIMARY KEY (`PurchaseOrderId`),
  CONSTRAINT `F_Shipping` FOREIGN KEY (`PurchaseOrderId`) REFERENCES `purchaseorders` (`PurchaseOrderId`) ON DELETE CASCADE ON UPDATE CASCADE
) ENGINE=InnoDB DEFAULT CHARSET=utf8;
/*!40101 SET character_set_client = @saved_cs_client */;

--
-- Dumping data for table `shippings`
--

LOCK TABLES `shippings` WRITE;
/*!40000 ALTER TABLE `shippings` DISABLE KEYS */;
/*!40000 ALTER TABLE `shippings` ENABLE KEYS */;
UNLOCK TABLES;

--
-- Table structure for table `teches`
--

DROP TABLE IF EXISTS `teches`;
/*!40101 SET @saved_cs_client     = @@character_set_client */;
/*!40101 SET character_set_client = utf8 */;
CREATE TABLE `teches` (
  `TechId` int(11) NOT NULL AUTO_INCREMENT,
  `Photo` varchar(100) DEFAULT NULL,
  `FirstName` varchar(80) DEFAULT NULL,
  `LastName` varchar(80) DEFAULT NULL,
  `Language` varchar(80) DEFAULT NULL,
  `StreetAdderess` varchar(200) DEFAULT NULL,
  `CityAdderess` varchar(100) DEFAULT NULL,
  `State` varchar(45) DEFAULT NULL,
  `Zip` varchar(45) DEFAULT NULL,
  `Country` varchar(80) DEFAULT NULL,
  `Cell` varchar(45) DEFAULT NULL,
  `Email` varchar(200) DEFAULT NULL,
  `EmailCompany` varchar(200) DEFAULT NULL,
  `LocalAirport` varchar(100) DEFAULT NULL,
  `SSN` int(11) DEFAULT NULL,
  `DriveLicence` varchar(100) DEFAULT NULL,
  `PayRate` double(6,3) DEFAULT NULL,
  `DayliPerDiem` double(6,3) DEFAULT NULL,
  `Medical` varchar(100) DEFAULT NULL,
  `Passport` int(11) DEFAULT NULL,
  `MaritalStatus` varchar(45) DEFAULT NULL,
  `Children` int(11) DEFAULT NULL,
  `Education` varchar(100) DEFAULT NULL,
  `Status` varchar(45) DEFAULT NULL,
  `POAsigned` int(11) DEFAULT '0',
  PRIMARY KEY (`TechId`)
) ENGINE=InnoDB AUTO_INCREMENT=114 DEFAULT CHARSET=utf8;
/*!40101 SET character_set_client = @saved_cs_client */;

--
-- Dumping data for table `teches`
--

LOCK TABLES `teches` WRITE;
/*!40000 ALTER TABLE `teches` DISABLE KEYS */;
INSERT INTO `teches` VALUES (22,'','Ross ','Walker','','6420 Trout Creek Ridge Rd','Parkdale','OR','97041','United States','5418064070','walkerross15@gmail.com','rwalker@axisrg.com','',0,'0',22.000,90.000,'0',0,'4',0,'','BANCH',0),(23,'','Joseph','Yelverton','','3876 Riviera Dr','San Diego','CA','92109','United States','8586251521','joecrawford1012@gmail.com','jyelvington@axisrg.com','',0,'0',20.000,100.000,'0',0,'4',0,'','BANCH',0),(24,'','Raul ','Felix','','906 W Boston','Edinburg','TX ','78541','United States','9563779886','RaL1414@gmail.com','rfelix@axisrg.com','',0,'0',22.000,90.000,'0',0,'4',0,'','BANCH',0),(25,'','Erick Eduardo ','Benavides','','204 W. Walnut St','Granger','TX ','76530','United States','5123654954','Ebenavides36@gmail.com','ebenavides@axisrg.com','',0,'0',24.000,90.000,'0',0,'4',0,'','BANCH',0),(26,'','Martin','Benavides','','419 Laimble St','Bartlett','TX','76511','United States','2545981648','benavides1018@gmail.com','mbenivedes@axisrg.com','',0,'0',24.000,90.000,'0',0,'4',0,'','BANCH',0),(27,'','Edward ','Kraku','','9452 Lansford St','Philadelphia','PA','19114','United States','2672052737','','ekraku@axisrg.com','',0,'0',25.000,100.000,'0',0,'4',0,'','BANCH',0),(28,'','Phillip ','Malone','','21946 Reading Dr','Anderson','CA','96007','United States','8187211975','maxrbdavis@gmail.com','pmalone@axisrg.com','',0,'0',19.000,90.000,'0',0,'4',0,'','BANCH',0),(29,'','Garrett','Fitterer','','420 S 4th St','Grand Forks','ND','58201','United States','7012909131','Garrett_fitterer@hotmail.com','gfitterer@axisrg.com','',0,'0',22.000,90.000,'0',0,'4',0,'','BANCH',0),(30,'','Richard ','Ben Muniz','','2624 Mill Creek Drive','Pasadena','TX ','77503','United States','8324178750','Ajcvr2000@gmail.com','rmuniz@axisrg.com','',0,'0',27.000,100.000,'0',0,'4',0,'','BANCH',0),(31,'','Zoawnty ','Zeon','','208 Third Avenue Unit 1','Cranston','RI','2910','United States','4015166773','zeon442@gmail.com','zzeon@axisrg.com','',0,'0',25.000,90.000,'0',0,'4',0,'','BANCH',0),(32,'','Francisco ','Benavides','','837 W Elm St','Bartlett','TX ','76511','United States','5123654954','benavidezfrancisco027@yahoo.com','fbenavidez@axisrg.com','',0,'0',24.000,90.000,'0',0,'4',0,'','BANCH',0),(33,'','Willie','Karwo ','','1710 High St #301','Des Moines','IA','50309','United States','3127091849','Wkarwo@gmail.com','wkarwo@axisrg.com','',0,'0',22.000,90.000,'0',0,'4',0,'','BANCH',0),(34,'','Kerry ','De La Miya','','1216 Chippawa Dr','Union City','MI','49084','United States','5176770306','kerrybrooks36@Gmail.com','kdelamiya@axisrg.com','',0,'0',24.000,90.000,'0',0,'4',0,'','BANCH',0),(35,'','Dusty ','Nyonee','','822 16th Street','Perry','IA','50220','United States','5153573959','dustydnyonee79@outlook.com','dnyonee@axisrg.com','',0,'0',25.000,90.000,'0',0,'4',0,'','BANCH',0),(36,'','Robert ','Butler - NFPA','','2610 Ridge Hollow Drive','Houston','TX ','77067','United States','9798771832','jets_over_u@yahoo.com','rbutler@axisrg.com','',0,'0',23.000,90.000,'0',0,'4',0,'','BANCH',0),(37,'','Baily ','Meyer Martins','','1400 Morniingside Drive','Freeport','IL','61032','United States','8152913153','baily1400@gmail.com','bmartins@axisrg.com','',0,'0',20.000,90.000,'0',0,'4',0,'','BANCH',0),(38,'','Alice','Antil Wierciak','','30648 Sheridan St','Garden City','MI ','48135','United States','3137290764','aliceantil@gmail.com','aantil@axisrg.com','',0,'0',26.000,100.000,'0',0,'4',0,'','BANCH',0),(39,'','David ','Chavez','','209 Berger Lane','Toppenish','WA','98948','United States','2027185886','Chavez_d49@yahoo.com','dchavez@axisrg.com','',0,'0',24.000,90.000,'0',0,'4',0,'','BANCH',0),(40,'','Jory ','Wilson','','6302 Seeger Trail','Houston ','TX ','77066','United States','8323316982','Jorywilson12@gmail.com','jwilson@axisrg.com','',0,'0',22.000,90.000,'0',0,'4',0,'','BANCH',0),(41,'','Daniel ','Gonzalez','','1002 Katy Gap Road #610','Katy','TX ','77494','United States','7865853757','Gonper04@hotmail.com','dgonzalez@axisrg.com','',0,'0',22.000,90.000,'0',0,'4',0,'','BANCH',0),(42,'','Joshua ','Cody Parks','','1806 Webb Rd','Salisbury','NC','28146','United States','7042242491','Joshuaparks12@hotmail.com','jparks@axisrg.com','',0,'0',23.000,90.000,'0',0,'4',0,'','BANCH',0),(43,'','Chad ','Mcdowell','','22 Pleasant Grove Ct','Corinth','MS','38834','United States','6624153372','mcdowellchad44@yahoo.com','cmcdowell@axisrg.com','',0,'0',22.000,90.000,'0',0,'4',0,'','BANCH',0),(45,'','Agrapino ','Delgado','','5340 West 30th Pl','Cicero','IL','60804','United States','3615167738','pinoad1967@gmail.com','agdelgado@axisrg.com','',0,'0',24.000,90.000,'0',0,'4',0,'','BANCH',0),(46,'','Forrest ','Ferguson','','4401 60th Street','Oklahoma City','OK','73112','United States','4056239951','mobius_1@cox.net','fferguson@axisrg.com','',0,'0',23.000,90.000,'0',0,'4',0,'','BANCH',0),(47,'','Joseph ','Renard','','14628 South Blanca Ave','Yuma','AZ','85365','United States','9284466749','renardje@hotmail.com','jrenard@axisrg.com','',0,'0',26.000,90.000,'0',0,'4',0,'','BANCH',0),(48,'','Victor ','Turca','','1020 Woodland St','Channelview','TX','77530','United States','8325098506','vcturca_23@yahoo.com','vturca@axisrg.com','',0,'0',26.000,116.000,'0',0,'4',0,'','BANCH',0),(49,'','Sevelee K. ','Kabbah','','7235 Bradford Rd.','Upper Darby','PA','19082','United States','6109316275','seveleekabbah@gmail.com','skabbah@axisrg.com','',0,'0',20.000,90.000,'0',0,'4',0,'','BANCH',0),(50,'','Mark ','Weyant','','820 E. Boundary Ave','Chicago','IL','17403','United States','3125052577','markaweyant@yahoo.com','mweyant@axisrg.com','',0,'0',20.000,90.000,'0',0,'4',0,'','BANCH',0),(51,'','Dillon','Rooney','','262 Thunder Circle','Bensalem','PA','19020','United States','2676322289','Frodo519@gmail.com','drooney@axisrg.com','',0,'0',21.000,90.000,'0',0,'4',0,'','BANCH',0),(52,'','Rashaan (Ray) ','Rose','','1941 Vivian Road','Monroe','MI','48162','United States','7346212170','Rashaan125@gmail.com','rrose@axisrg.com','',0,'0',18.000,90.000,'0',0,'4',0,'','BANCH',0),(53,'','Jacob ','McCombs','','13229 CR 457','Hawley','TX','79605','United States','3257257256','Jmccombs922@Gmail.com','jakemccombs@axisrg.com','',0,'0',21.000,90.000,'0',0,'4',0,'','BANCH',0),(54,'','Morris ','Brandon Davis','','229 Morace Drive','Vidalia','LA','71373','United States','3187194399','bdavis2447@yahoo.com','mbdavis@axisrg.com','',0,'0',26.000,100.000,'0',0,'4',0,'','BANCH',0),(55,'','Cheiron V. ','Themistocles I','','740 Shadow Lane','Kalispell','MT','59901','United States','6197563133','cheiron.themistocles@gmail.com','cthermistocles@axisrg.com','',0,'0',19.000,90.000,'0',0,'4',0,'','BANCH',0),(56,'','Josh ','Etherington','','1651 Blackbart Ct','South Lake Tahoe','CA','96151','United States','5303149664','joshetherington530@gmail.com','jetheringnton@axisrg.com','',0,'0',24.000,110.000,'0',0,'4',0,'','BANCH',0),(57,'','Matt ','Boscole','','13640 SE Hwy 212 #9','Clackamas','OR','97015','United States','9712270706','bforboscole@gmail.com','mboscole@axisrg.com','',0,'0',21.000,90.000,'0',0,'4',0,'','BANCH',0),(58,'','Bruno ','Ortega','','5117 Temple Dr','Amarillo','TX','79110','United States','4329354335','brntrg@yahoo.com','bortega@axisrg.com','',0,'0',30.000,116.000,'0',0,'4',0,'','BANCH',0),(59,'','Mario Humberto ','Pacheco','','3561 West  4th Street ','Yuma','AZ','85364','United States','9287237285','checom80@gmail.com','mpacheco@axisrg.com','',0,'0',23.000,90.000,'0',0,'4',0,'','BANCH',0),(60,'','Ernest ','Rangel','','117 High Dr','Kerrville','TX','78028','United States','8309281135','mr2chang@yahoo.com','erangel@axisrg.com','',0,'0',23.000,90.000,'0',0,'4',0,'','BANCH',0),(61,'','Robert L ','Davis Jr','','701 NE Chipman Road Apt A','Lee\'s  Summit','MO','64063','United States','8166162408','Robldavis07@gmail.com','rdavis@axisrg.com','',0,'0',25.000,90.000,'0',0,'4',0,'','BANCH',0),(62,'','Robert ','Huggler','','299 CR 214','Bay City','TX ','77414','United States','9792855049','rob.huggler@gmail.com','rhuggler@axisrg.com','',0,'0',22.000,90.000,'0',0,'4',0,'','BANCH',0),(63,'','John',' Nava','','116 East Bdwy','Portland','TX','78374','United States','3616335425','jetty-rat@hotmail.com','jnava@axisrg.com','',0,'0',19.000,90.000,'0',0,'4',0,'','BANCH',0),(64,'','Jack',' Pacheco','','84540 Vera Cruz','Coachella','CA','92236','United States','7603976923','Jakndabx78@gmail.com','jpacheco@axisrg.com','',0,'0',24.000,90.000,'0',0,'4',0,'','BANCH',0),(65,'','Chad Lovell ','Kurtz ','','2859 w keys in','Anaheim','CA','92804','United States','6619749757','Lovellk19@yahoo.com','ckurtz@axisrg.com','',0,'0',24.000,90.000,'0',0,'4',0,'','BANCH',0),(66,'','Paul ','Tyler','','2302 Gable Ct','Rosamond','CA','93560','United States','6617541614','zulee727@me.com','ptyler@axisrg.com','',0,'0',25.000,90.000,'0',0,'4',0,'','BANCH',0),(67,'','Roman ','Garcia','','2721 Ross Avenue','Waco','TX','76711','United States','2548558282','rgabriel254@gmail.com','rgarcia@axisrg.com','',0,'0',26.000,90.000,'0',0,'4',0,'','BANCH',0),(68,'','Coby ','Tyler Shelton','','70 Cinnamon Lane','San Angelo','TX ','76901','United States','3257030038','coby.shelton85@gmail.com','cshelton@axisrg.com','',0,'0',24.000,90.000,'0',0,'4',0,'','BANCH',0),(69,'','George','Tyler','','107 County Road 4017 PO Box 532','Chilton','TX','76632','United States','2293310887','tyler_george@yahoo.com','gtyler@axisrg.com','',0,'0',20.000,90.000,'0',0,'4',0,'','BANCH',0),(70,'','Roger ','Lee Cockrell','','PO Box 1283','Glenrock','WY','82637','United States','3073155510','rogercockrell418@yahoo.com','rcockrell@axisrg.com','',0,'0',25.000,90.000,'0',0,'4',0,'','BANCH',0),(71,'','Israel','Balzan','','21550 Provincial Boulevard','Katy','TX ','77450','United States','2819321497','zontrac@gmail.com','ibalzan@axisrg.com','',0,'0',22.000,90.000,'0',0,'4',0,'','BANCH',0),(72,'','Thomas A ','Lindsey ','','1547 Parramore','Abilene','TX ','79601','United States','3257010089','Thomaslindsey37@yahoo.com','tlindsey@axisrg.com','',0,'0',21.000,35.000,'0',0,'4',0,'','BANCH',0),(73,'','James Ira','Curd III','','8065 State Highway 114','Jermyn','TX','76459','United States','9402291261','Trey.curd@gmail.com','jcurd@axisrg.com','',0,'0',23.000,90.000,'0',0,'4',0,'','BANCH',0),(74,'','Anthony ','Arballo','','1855 W Main St #210','El Centro','CA','92243','United States','7602349789','aarballo@hotmail.com','aarballo@axisrg.com','',0,'0',19.000,90.000,'0',0,'4',0,'','BANCH',0),(75,'','Carlos ','Garcia jr','','7911 Cool Springs Dr','San Antonio','TX','78254','United States','2105290710','cjg_25@hotmail.com','cgarcia@axisrg.com','',0,'0',26.000,90.000,'0',0,'4',0,'','BANCH',0),(76,'','Alex ','Van Denover','','8817 Quinault Dr NE','Olympia','WA','98516','United States','3605568941','avandenover@gmail.com','avandenover@axisrg.com','',0,'0',25.000,90.000,'0',0,'4',0,'','BANCH',0),(77,'','Andrew ','Miramontes','','5714 Shaw St','San Diego','CA','92139','United States','6199319982','ar_miramontes@yahoo.com','amiramontes@axisrg.com','',0,'0',20.000,90.000,'0',0,'4',0,'','BANCH',0),(78,'','Andrew ','Scheetz','','3180 Warley Road','Hemet','CA','92545','United States','5308598017','efbcbfg40@yahoo.com','ascheetz@axisrg.com','',0,'0',19.000,90.000,'0',0,'4',0,'','BANCH',0),(79,'','Robert ','Brown','','13243 cardinal rd','Victorville','CA','92392','United States','7609003157','Robertbrown32@outlook.com','rbrown@axisrg.com','',0,'0',25.000,100.000,'0',0,'4',0,'','BANCH',0),(80,'','Justin ','Agee','','995 21st St SE','Salem','OR','97301','United States','5033027913','Justinkeitha@gmail.com','jagee@axisrg.com','',0,'0',23.000,90.000,'0',0,'4',0,'','BANCH',0),(81,'','Dhavid ','Antunez Diaz','','1002 Katy Gap Road','Katy','TX ','77494','United States','3468142117','dhavidrantunezd@gmail.com','dantunez@axisrg.com','',0,'0',22.000,90.000,'0',0,'4',0,'','BANCH',0),(82,'','Cesar ','Cervantes','','12814 Magic Dr','Houston','TX','77039','United States','2818444640','theonecez@yahoo.com','ccervantes@axisrg.com','',0,'0',20.000,90.000,'0',0,'4',0,'','BANCH',0),(83,'','Eldridge ','Tensley','','118 Monroe Dr','Tuschumbia','AL','35674','United States','6626600208','t20et@yahoo.com','etinsley@axisrg.com','',0,'0',26.000,110.000,'0',0,'4',0,'','BANCH',0),(84,'','Ryan William ','Meyers','','500 N Pine','Newkirk','OK','74647','United States','5803627057','ryanmeyers1802@yahoo.com','rmeyers@axisrg.com','',0,'0',23.000,90.000,'0',0,'4',0,'','BANCH',0),(85,'','Ivar ','Patrizi','','3826 Wake Forest Lane','Abilene','TX ','79602','United States','8062156745','impatrizi@gmail.com','ipatrizi@axisrg.com','',0,'0',23.000,90.000,'0',0,'4',0,'','BANCH',0),(86,'','Joel ','Mast','','5707 Saggio Road','Hastings','MI','49058','United States','2697623877','Joelamast@yahoo.com','jmast@axisrg.com','',0,'0',22.000,100.000,'0',0,'4',0,'','BANCH',0),(87,'','Timothy D ','Lowe','','15657 Strickler Ave','Eastpointe','MI','48021','United States','5865226475','Timothydlowe@gmail.com','tlowe@axisrg.com','',0,'0',20.000,90.000,'0',0,'4',0,'','BANCH',0),(88,'','Stanton M. ','Kelley','','201 12th Ave NW','Pipestone','MN','56164','United States','9367762344','Stanton.m.kelley@outlook.com','skelley@axisrg.com','',0,'0',27.000,100.000,'0',0,'4',0,'','BANCH',0),(89,'','Grayson ','Spiegel','','3016 Phipps Court','Lafayette','IN','47909','United States','3136906198','grayspiegel@gmail.com','gspiegel@axisrg.com','',0,'0',21.000,90.000,'0',0,'4',0,'','BANCH',0),(90,'','Dweh ','Freeman','','445 Labore Road # 302','St Paul','MN','55117','United States','6125325464','dfree132000@yahoo.com','dfreeman@axisrg.com','',0,'0',28.000,110.000,'0',0,'4',0,'','BANCH',0),(91,'','Nicholas Matthew ','Gonzalez','','5570 Mullings Crossing Road','Miles ','TX ','76861','United States','3252272147','nick.gonzalez90@gmail.com','ngonzalez@axisrg.com','',0,'0',21.000,90.000,'0',0,'4',0,'','BANCH',0),(92,'','Anthony ','Liberty','','2465 riverside dr. 109','Trenton','MI','48183','United States','7347753114','Liberty_anthony@hotmail.com','aliberty@axisrg.com','',0,'0',22.000,90.000,'0',0,'4',0,'','BANCH',0),(93,'','Grady Hardin ','Trantham','','238 Myers Lane','Mcminnville','TN','37110','United States','6612055792','Gtrantham22@yahoo.com','gtrantham@axisrg.com','',0,'0',21.000,100.000,'0',0,'4',0,'','BANCH',0),(94,'','Mitchell ','Taylor','','2201 4th Avenue','Dodge City','KS','67801','United States','8063404892','Taylormademitch@gmail.com','mtaylor@axisrg.com','',0,'0',25.000,90.000,'0',0,'4',0,'','BANCH',0),(95,'','Julian','Curtis','','1527 Brendle Court','Virginia Beach','VA','23464','United States','7575106300','mr.workhorse@yahoo.com','jcurtis@axisrg.com','',0,'0',25.000,90.000,'0',0,'4',0,'','BANCH',0),(96,'','Jesse (Jesus) ','Maldonado Pizano','','203 East Broderick PO BOX 20981041','Granada','CO','81041','United States','7196804641','Pizano.jesse@yahoo.com','jpizano@axisrg.com','',0,'0',20.000,90.000,'0',0,'4',0,'','BANCH',0),(97,'','Tim Eric ','Long','','58849 Delano Trail','Yucca Valley','CA','92284','United States','7609746121','longtim61@gmail.com','tlong@axisrg.com','',0,'0',26.000,90.000,'0',0,'4',0,'','BANCH',0),(98,'','Garret ','Giffin','','8825 McCourtney Rd','Lincon','CA','95648','United States','5303079617','gaggiffin@gmail.com','ggiffin@axisrg.com','',0,'0',19.000,90.000,'0',0,'4',0,'','BANCH',0),(99,'','Colby ','Moore','','1212 East 11th Ave ','Mount Dora','FL','32757','United States','3152192575','cmoore47@icloud.com','cmoore@axisrg.com','',0,'0',26.000,100.000,'0',0,'4',0,'','BANCH',0),(100,'','Daniel ','Zepeda','','1020 County Rd 479','El Campo','TX ','77437','United States','3617203921','danzepeda1994@gmail.com','dzepeda@axisrg.com','',0,'0',26.000,100.000,'0',0,'4',0,'','BANCH',0),(101,'','Jesse ','Bullock','','1717 Cooper Point Rd SW #L80','Olympia','WA','98502','United States','2069148935','jessebullock0991@hotmail.com','Jbullock@axisrg.com','',0,'0',21.000,90.000,'0',0,'4',0,'','BANCH',0),(102,'','Josh ','Guntenaar','','331 S Grant St','Wilkes-Barre','PA','18702','United States','3614551080','Jguntenaar@hotmail.com','Jguntenaar@axisrg.com','',0,'0',25.000,90.000,'0',0,'4',0,'','BANCH',0),(103,'','Nicholas Ryan ','Fox','','1520 N.Beckley Ave #527','Dallas','TX ','75203','United States','7576186348','Foxnicholas24@gmail.com','Foxnicholas24@gmail.com','',0,'0',22.000,90.000,'0',0,'4',0,'','BANCH',0),(104,'','Terry ','Jones','','28802 Concho River Court','Spring','TX ','77386','United States','8322601768','t.25jones@yahoo.com','tjones@axisrg.com','',0,'0',25.000,90.000,'0',0,'4',0,'','BANCH',0),(105,'','Eric ','Jenkins','','1204 West Port Drive','Bakersfield','CA','95305','United States','6612203019','Eric_jenkins22@yahoo.com','ejenkins@axisrg.com','',0,'0',22.000,90.000,'0',0,'4',0,'','BANCH',0),(106,'','Lyle','Johnson','','9100 Mills Road','Houston ','TX ','77070','United States','5046570746','Johnsonlyle754@gmail.com','','',0,'0',22.000,90.000,'0',0,'4',0,'','BANCH',0),(107,'','Ryan ','Williams','','702 Misty Lea Lane','Houston','TX ','77090','United States','3463300218','ryanewilli19@gmail.com','','',0,'0',22.000,90.000,'0',0,'4',0,'','BANCH',0),(108,'','Dustin ','Hodge','','308 Leroy St','Montrose','MI','78028','United States','8106103968','dustinhodge89@yahoo.com','dhodge@axisrg.com','',0,'0',30.000,116.000,'0',0,'4',0,'','BANCH',0),(109,'','Joldry ','Romero','','1002 Katy Gap Road #327','Katy','TX ','77494','United States','8326618314','joldryromero@gmail.com','','',0,'0',0.000,0.000,'0',0,'4',0,'','BANCH',0),(111,NULL,'Adrian','Delgado',NULL,'10019 Cheryl St','Manvel','TX','77578','United States','8328583910','adriandelgado74@yahoo.com','adelgado@axisrg.com',NULL,0,'0',26.000,116.000,NULL,0,NULL,0,NULL,'BANCH',0),(113,NULL,'Angel Eduardo','Lavalle Camacho','Alemania','C. 19 A','Merida','Yucatan','97314','Alemania','999-200-8376','eduardin23@hotmail.com',NULL,NULL,0,NULL,0.000,0.000,NULL,0,NULL,0,NULL,'BANCH',0);
/*!40000 ALTER TABLE `teches` ENABLE KEYS */;
UNLOCK TABLES;

--
-- Table structure for table `techinfoaxis`
--

DROP TABLE IF EXISTS `techinfoaxis`;
/*!40101 SET @saved_cs_client     = @@character_set_client */;
/*!40101 SET character_set_client = utf8 */;
CREATE TABLE `techinfoaxis` (
  `TechInfoAxiId` int(11) NOT NULL AUTO_INCREMENT,
  `ExperienceDate` datetime DEFAULT NULL,
  `Osha10` varchar(100) DEFAULT NULL,
  `FirstAidCPR` varchar(100) DEFAULT NULL,
  `TowerRescue` varchar(100) DEFAULT NULL,
  `ConfinedSpace` varchar(100) DEFAULT NULL,
  `Nfra70E` varchar(100) DEFAULT NULL,
  `Loto` varchar(100) DEFAULT NULL,
  `Ergonomics` varchar(100) DEFAULT NULL,
  `Hazcom` varchar(100) DEFAULT NULL,
  `CraneSafety` varchar(100) DEFAULT NULL,
  `RiggingSignalMan` varchar(100) DEFAULT NULL,
  `FireExtinguisher` varchar(100) DEFAULT NULL,
  `HasI9` tinyint(1) DEFAULT NULL,
  `I9File` varchar(100) DEFAULT NULL,
  `HasW2` tinyint(1) DEFAULT NULL,
  `W2File` varchar(100) DEFAULT NULL,
  `HasW4` tinyint(1) DEFAULT NULL,
  `W4File` varchar(100) DEFAULT NULL,
  `HasApplicanceOffer` tinyint(1) DEFAULT NULL,
  `ApplicanceOfferFile` varchar(100) DEFAULT NULL,
  `HasAxisLaborCode` tinyint(1) DEFAULT NULL,
  `AxisLaborCodeFile` varchar(100) DEFAULT NULL,
  `TechnicalLevel` varchar(45) DEFAULT NULL,
  `TechId` int(11) DEFAULT NULL,
  PRIMARY KEY (`TechInfoAxiId`),
  KEY `ATechId_idx` (`TechId`),
  CONSTRAINT `ATechId` FOREIGN KEY (`TechId`) REFERENCES `teches` (`TechId`) ON DELETE CASCADE ON UPDATE CASCADE
) ENGINE=InnoDB AUTO_INCREMENT=93 DEFAULT CHARSET=utf8;
/*!40101 SET character_set_client = @saved_cs_client */;

--
-- Dumping data for table `techinfoaxis`
--

LOCK TABLES `techinfoaxis` WRITE;
/*!40000 ALTER TABLE `techinfoaxis` DISABLE KEYS */;
INSERT INTO `techinfoaxis` VALUES (2,'2018-01-02 16:21:12',NULL,NULL,NULL,NULL,NULL,NULL,NULL,NULL,NULL,NULL,NULL,0,NULL,0,NULL,0,NULL,0,NULL,0,NULL,NULL,22),(3,'2018-01-02 16:21:12','NULL','NULL','NULL','NULL','NULL','NULL','NULL','NULL','NULL','NULL','NULL',0,NULL,0,NULL,0,NULL,0,'NULL',0,'NULL',NULL,23),(4,'2018-01-02 16:21:12','NULL','NULL','NULL','NULL','NULL','NULL','NULL','NULL','NULL','NULL','NULL',0,NULL,0,NULL,0,NULL,0,'NULL',0,'NULL',NULL,24),(5,'2018-01-02 16:21:12','NULL','NULL','NULL','NULL','NULL','NULL','NULL','NULL','NULL','NULL','NULL',0,NULL,0,NULL,0,NULL,0,'NULL',0,'NULL',NULL,25),(6,'2018-01-02 16:21:12','NULL','NULL','NULL','NULL','NULL','NULL','NULL','NULL','NULL','NULL','NULL',0,NULL,0,NULL,0,NULL,0,'NULL',0,'NULL',NULL,26),(7,'2018-01-02 16:21:12','NULL','NULL','NULL','NULL','NULL','NULL','NULL','NULL','NULL','NULL','NULL',0,NULL,0,NULL,0,NULL,0,'NULL',0,'NULL',NULL,27),(8,'2018-01-02 16:21:12','NULL','NULL','NULL','NULL','NULL','NULL','NULL','NULL','NULL','NULL','NULL',0,NULL,0,NULL,0,NULL,0,'NULL',0,'NULL',NULL,28),(9,'2018-01-02 16:21:12','NULL','NULL','NULL','NULL','NULL','NULL','NULL','NULL','NULL','NULL','NULL',0,NULL,0,NULL,0,NULL,0,'NULL',0,'NULL',NULL,29),(10,'2018-01-02 16:21:12','NULL','NULL','NULL','NULL','NULL','NULL','NULL','NULL','NULL','NULL','NULL',0,NULL,0,NULL,0,NULL,0,'NULL',0,'NULL',NULL,30),(11,'2018-01-02 16:21:12','NULL','NULL','NULL','NULL','NULL','NULL','NULL','NULL','NULL','NULL','NULL',0,NULL,0,NULL,0,NULL,0,'NULL',0,'NULL',NULL,31),(12,'2018-01-02 16:21:12','NULL','NULL','NULL','NULL','NULL','NULL','NULL','NULL','NULL','NULL','NULL',0,NULL,0,NULL,0,NULL,0,'NULL',0,'NULL',NULL,32),(13,'2018-01-02 16:21:12','NULL','NULL','NULL','NULL','NULL','NULL','NULL','NULL','NULL','NULL','NULL',0,NULL,0,NULL,0,NULL,0,'NULL',0,'NULL',NULL,33),(14,'2018-01-02 16:21:12','NULL','NULL','NULL','NULL','NULL','NULL','NULL','NULL','NULL','NULL','NULL',0,NULL,0,NULL,0,NULL,0,'NULL',0,'NULL',NULL,34),(15,'2018-01-02 16:21:12','NULL','NULL','NULL','NULL','NULL','NULL','NULL','NULL','NULL','NULL','NULL',0,NULL,0,NULL,0,NULL,0,'NULL',0,'NULL',NULL,35),(16,'2018-01-02 16:21:12','NULL','NULL','NULL','NULL','NULL','NULL','NULL','NULL','NULL','NULL','NULL',0,NULL,0,NULL,0,NULL,0,'NULL',0,'NULL',NULL,36),(17,'2018-01-02 16:21:12','NULL','NULL','NULL','NULL','NULL','NULL','NULL','NULL','NULL','NULL','NULL',0,NULL,0,NULL,0,NULL,0,'NULL',0,'NULL',NULL,37),(18,'2018-01-02 16:21:12','NULL','NULL','NULL','NULL','NULL','NULL','NULL','NULL','NULL','NULL','NULL',0,NULL,0,NULL,0,NULL,0,'NULL',0,'NULL',NULL,38),(19,'2018-01-02 16:21:12','NULL','NULL','NULL','NULL','NULL','NULL','NULL','NULL','NULL','NULL','NULL',0,NULL,0,NULL,0,NULL,0,'NULL',0,'NULL',NULL,39),(20,'2018-01-02 16:21:12','NULL','NULL','NULL','NULL','NULL','NULL','NULL','NULL','NULL','NULL','NULL',0,NULL,0,NULL,0,NULL,0,'NULL',0,'NULL',NULL,40),(21,'2018-01-02 16:21:12','NULL','NULL','NULL','NULL','NULL','NULL','NULL','NULL','NULL','NULL','NULL',0,NULL,0,NULL,0,NULL,0,'NULL',0,'NULL',NULL,41),(22,'2018-01-02 16:21:12','NULL','NULL','NULL','NULL','NULL','NULL','NULL','NULL','NULL','NULL','NULL',0,NULL,0,NULL,0,NULL,0,'NULL',0,'NULL',NULL,42),(23,'2018-01-02 16:21:12','NULL','NULL','NULL','NULL','NULL','NULL','NULL','NULL','NULL','NULL','NULL',0,NULL,0,NULL,0,NULL,0,'NULL',0,'NULL',NULL,43),(25,'2018-01-02 16:21:12','NULL','NULL','NULL','NULL','NULL','NULL','NULL','NULL','NULL','NULL','NULL',0,NULL,0,NULL,0,NULL,0,'NULL',0,'NULL',NULL,45),(26,'2018-01-02 16:21:12','NULL','NULL','NULL','NULL','NULL','NULL','NULL','NULL','NULL','NULL','NULL',0,NULL,0,NULL,0,NULL,0,'NULL',0,'NULL',NULL,46),(27,'2018-01-02 16:21:12','NULL','NULL','NULL','NULL','NULL','NULL','NULL','NULL','NULL','NULL','NULL',0,NULL,0,NULL,0,NULL,0,'NULL',0,'NULL',NULL,47),(28,'2018-01-02 16:21:12','NULL','NULL','NULL','NULL','NULL','NULL','NULL','NULL','NULL','NULL','NULL',0,NULL,0,NULL,0,NULL,0,'NULL',0,'NULL',NULL,48),(29,'2018-01-02 16:21:12','NULL','NULL','NULL','NULL','NULL','NULL','NULL','NULL','NULL','NULL','NULL',0,NULL,0,NULL,0,NULL,0,'NULL',0,'NULL',NULL,49),(30,'2018-01-02 16:21:12','NULL','NULL','NULL','NULL','NULL','NULL','NULL','NULL','NULL','NULL','NULL',0,NULL,0,NULL,0,NULL,0,'NULL',0,'NULL',NULL,50),(31,'2018-01-02 16:21:12','NULL','NULL','NULL','NULL','NULL','NULL','NULL','NULL','NULL','NULL','NULL',0,NULL,0,NULL,0,NULL,0,'NULL',0,'NULL',NULL,51),(32,'2018-01-02 16:21:12','NULL','NULL','NULL','NULL','NULL','NULL','NULL','NULL','NULL','NULL','NULL',0,NULL,0,NULL,0,NULL,0,'NULL',0,'NULL',NULL,52),(33,'2018-01-02 16:21:12','NULL','NULL','NULL','NULL','NULL','NULL','NULL','NULL','NULL','NULL','NULL',0,NULL,0,NULL,0,NULL,0,'NULL',0,'NULL',NULL,53),(34,'2018-01-02 16:21:12','NULL','NULL','NULL','NULL','NULL','NULL','NULL','NULL','NULL','NULL','NULL',0,NULL,0,NULL,0,NULL,0,'NULL',0,'NULL',NULL,54),(35,'2018-01-02 16:21:12','NULL','NULL','NULL','NULL','NULL','NULL','NULL','NULL','NULL','NULL','NULL',0,NULL,0,NULL,0,NULL,0,'NULL',0,'NULL',NULL,55),(36,'2018-01-02 16:21:12','NULL','NULL','NULL','NULL','NULL','NULL','NULL','NULL','NULL','NULL','NULL',0,NULL,0,NULL,0,NULL,0,'NULL',0,'NULL',NULL,56),(37,'2018-01-02 16:21:12','NULL','NULL','NULL','NULL','NULL','NULL','NULL','NULL','NULL','NULL','NULL',0,NULL,0,NULL,0,NULL,0,'NULL',0,'NULL',NULL,57),(38,'2018-01-02 16:21:12','NULL','NULL','NULL','NULL','NULL','NULL','NULL','NULL','NULL','NULL','NULL',0,NULL,0,NULL,0,NULL,0,'NULL',0,'NULL',NULL,58),(39,'2018-01-02 16:21:12','NULL','NULL','NULL','NULL','NULL','NULL','NULL','NULL','NULL','NULL','NULL',0,NULL,0,NULL,0,NULL,0,'NULL',0,'NULL',NULL,59),(40,'2018-01-02 16:21:12','NULL','NULL','NULL','NULL','NULL','NULL','NULL','NULL','NULL','NULL','NULL',0,NULL,0,NULL,0,NULL,0,'NULL',0,'NULL',NULL,60),(41,'2018-01-02 16:21:12','NULL','NULL','NULL','NULL','NULL','NULL','NULL','NULL','NULL','NULL','NULL',0,NULL,0,NULL,0,NULL,0,'NULL',0,'NULL',NULL,61),(42,'2018-01-02 16:21:12','NULL','NULL','NULL','NULL','NULL','NULL','NULL','NULL','NULL','NULL','NULL',0,NULL,0,NULL,0,NULL,0,'NULL',0,'NULL',NULL,62),(43,'2018-01-02 16:21:12','NULL','NULL','NULL','NULL','NULL','NULL','NULL','NULL','NULL','NULL','NULL',0,NULL,0,NULL,0,NULL,0,'NULL',0,'NULL',NULL,63),(44,'2018-01-02 16:21:12','NULL','NULL','NULL','NULL','NULL','NULL','NULL','NULL','NULL','NULL','NULL',0,NULL,0,NULL,0,NULL,0,'NULL',0,'NULL',NULL,64),(45,'2018-01-02 16:21:12','NULL','NULL','NULL','NULL','NULL','NULL','NULL','NULL','NULL','NULL','NULL',0,NULL,0,NULL,0,NULL,0,'NULL',0,'NULL',NULL,65),(46,'2018-01-02 16:21:12','NULL','NULL','NULL','NULL','NULL','NULL','NULL','NULL','NULL','NULL','NULL',0,NULL,0,NULL,0,NULL,0,'NULL',0,'NULL',NULL,66),(47,'2018-01-02 16:21:12','NULL','NULL','NULL','NULL','NULL','NULL','NULL','NULL','NULL','NULL','NULL',0,NULL,0,NULL,0,NULL,0,'NULL',0,'NULL',NULL,67),(48,'2018-01-02 16:21:12','NULL','NULL','NULL','NULL','NULL','NULL','NULL','NULL','NULL','NULL','NULL',0,NULL,0,NULL,0,NULL,0,'NULL',0,'NULL',NULL,68),(49,'2018-01-02 16:21:12','NULL','NULL','NULL','NULL','NULL','NULL','NULL','NULL','NULL','NULL','NULL',0,NULL,0,NULL,0,NULL,0,'NULL',0,'NULL',NULL,69),(50,'2018-01-02 16:21:12','NULL','NULL','NULL','NULL','NULL','NULL','NULL','NULL','NULL','NULL','NULL',0,NULL,0,NULL,0,NULL,0,'NULL',0,'NULL',NULL,70),(51,'2018-01-02 16:21:12','NULL','NULL','NULL','NULL','NULL','NULL','NULL','NULL','NULL','NULL','NULL',0,NULL,0,NULL,0,NULL,0,'NULL',0,'NULL',NULL,71),(52,'2018-01-02 16:21:12','NULL','NULL','NULL','NULL','NULL','NULL','NULL','NULL','NULL','NULL','NULL',0,NULL,0,NULL,0,NULL,0,'NULL',0,'NULL',NULL,72),(53,'2018-01-02 16:21:12','NULL','NULL','NULL','NULL','NULL','NULL','NULL','NULL','NULL','NULL','NULL',0,NULL,0,NULL,0,NULL,0,'NULL',0,'NULL',NULL,73),(54,'2018-01-02 16:21:12','NULL','NULL','NULL','NULL','NULL','NULL','NULL','NULL','NULL','NULL','NULL',0,NULL,0,NULL,0,NULL,0,'NULL',0,'NULL',NULL,74),(55,'2018-01-02 16:21:12','NULL','NULL','NULL','NULL','NULL','NULL','NULL','NULL','NULL','NULL','NULL',0,NULL,0,NULL,0,NULL,0,'NULL',0,'NULL',NULL,75),(56,'2018-01-02 16:21:12','NULL','NULL','NULL','NULL','NULL','NULL','NULL','NULL','NULL','NULL','NULL',0,NULL,0,NULL,0,NULL,0,'NULL',0,'NULL',NULL,76),(57,'2018-01-02 16:21:12','NULL','NULL','NULL','NULL','NULL','NULL','NULL','NULL','NULL','NULL','NULL',0,NULL,0,NULL,0,NULL,0,'NULL',0,'NULL',NULL,77),(58,'2018-01-02 16:21:12','NULL','NULL','NULL','NULL','NULL','NULL','NULL','NULL','NULL','NULL','NULL',0,NULL,0,NULL,0,NULL,0,'NULL',0,'NULL',NULL,78),(59,'2018-01-02 16:21:12','NULL','NULL','NULL','NULL','NULL','NULL','NULL','NULL','NULL','NULL','NULL',0,NULL,0,NULL,0,NULL,0,'NULL',0,'NULL',NULL,79),(60,'2018-01-02 16:21:12','NULL','NULL','NULL','NULL','NULL','NULL','NULL','NULL','NULL','NULL','NULL',0,NULL,0,NULL,0,NULL,0,'NULL',0,'NULL',NULL,80),(61,'2018-01-02 16:21:12','NULL','NULL','NULL','NULL','NULL','NULL','NULL','NULL','NULL','NULL','NULL',0,NULL,0,NULL,0,NULL,0,'NULL',0,'NULL',NULL,81),(62,'2018-01-02 16:21:12','NULL','NULL','NULL','NULL','NULL','NULL','NULL','NULL','NULL','NULL','NULL',0,NULL,0,NULL,0,NULL,0,'NULL',0,'NULL',NULL,82),(63,'2018-01-02 16:21:12','NULL','NULL','NULL','NULL','NULL','NULL','NULL','NULL','NULL','NULL','NULL',0,NULL,0,NULL,0,NULL,0,'NULL',0,'NULL',NULL,83),(64,'2018-01-02 16:21:12','NULL','NULL','NULL','NULL','NULL','NULL','NULL','NULL','NULL','NULL','NULL',0,NULL,0,NULL,0,NULL,0,'NULL',0,'NULL',NULL,84),(65,'2018-01-02 16:21:12','NULL','NULL','NULL','NULL','NULL','NULL','NULL','NULL','NULL','NULL','NULL',0,NULL,0,NULL,0,NULL,0,'NULL',0,'NULL',NULL,85),(66,'2018-01-02 16:21:12','NULL','NULL','NULL','NULL','NULL','NULL','NULL','NULL','NULL','NULL','NULL',0,NULL,0,NULL,0,NULL,0,'NULL',0,'NULL',NULL,86),(67,'2018-01-02 16:21:12','NULL','NULL','NULL','NULL','NULL','NULL','NULL','NULL','NULL','NULL','NULL',0,NULL,0,NULL,0,NULL,0,'NULL',0,'NULL',NULL,87),(68,'2018-01-02 16:21:12','NULL','NULL','NULL','NULL','NULL','NULL','NULL','NULL','NULL','NULL','NULL',0,NULL,0,NULL,0,NULL,0,'NULL',0,'NULL',NULL,88),(69,'2018-01-02 16:21:12','NULL','NULL','NULL','NULL','NULL','NULL','NULL','NULL','NULL','NULL','NULL',0,NULL,0,NULL,0,NULL,0,'NULL',0,'NULL',NULL,89),(70,'2018-01-02 16:21:12','NULL','NULL','NULL','NULL','NULL','NULL','NULL','NULL','NULL','NULL','NULL',0,NULL,0,NULL,0,NULL,0,'NULL',0,'NULL',NULL,90),(71,'2018-01-02 16:21:12','NULL','NULL','NULL','NULL','NULL','NULL','NULL','NULL','NULL','NULL','NULL',0,NULL,0,NULL,0,NULL,0,'NULL',0,'NULL',NULL,91),(72,'2018-01-02 16:21:12','NULL','NULL','NULL','NULL','NULL','NULL','NULL','NULL','NULL','NULL','NULL',0,NULL,0,NULL,0,NULL,0,'NULL',0,'NULL',NULL,92),(73,'2018-01-02 16:21:12','NULL','NULL','NULL','NULL','NULL','NULL','NULL','NULL','NULL','NULL','NULL',0,NULL,0,NULL,0,NULL,0,'NULL',0,'NULL',NULL,93),(74,'2018-01-02 16:21:12','NULL','NULL','NULL','NULL','NULL','NULL','NULL','NULL','NULL','NULL','NULL',0,NULL,0,NULL,0,NULL,0,'NULL',0,'NULL',NULL,94),(75,'2018-01-02 16:21:12','NULL','NULL','NULL','NULL','NULL','NULL','NULL','NULL','NULL','NULL','NULL',0,NULL,0,NULL,0,NULL,0,'NULL',0,'NULL',NULL,95),(76,'2018-01-02 16:21:12','NULL','NULL','NULL','NULL','NULL','NULL','NULL','NULL','NULL','NULL','NULL',0,NULL,0,NULL,0,NULL,0,'NULL',0,'NULL',NULL,96),(77,'2018-01-02 16:21:12','NULL','NULL','NULL','NULL','NULL','NULL','NULL','NULL','NULL','NULL','NULL',0,NULL,0,NULL,0,NULL,0,'NULL',0,'NULL',NULL,97),(78,'2018-01-02 16:21:12','NULL','NULL','NULL','NULL','NULL','NULL','NULL','NULL','NULL','NULL','NULL',0,NULL,0,NULL,0,NULL,0,'NULL',0,'NULL',NULL,98),(79,'2018-01-02 16:21:12','NULL','NULL','NULL','NULL','NULL','NULL','NULL','NULL','NULL','NULL','NULL',0,NULL,0,NULL,0,NULL,0,'NULL',0,'NULL',NULL,99),(80,'2018-01-02 16:21:12','NULL','NULL','NULL','NULL','NULL','NULL','NULL','NULL','NULL','NULL','NULL',0,NULL,0,NULL,0,NULL,0,'NULL',0,'NULL',NULL,100),(81,'2018-01-02 16:21:12','NULL','NULL','NULL','NULL','NULL','NULL','NULL','NULL','NULL','NULL','NULL',0,NULL,0,NULL,0,NULL,0,'NULL',0,'NULL',NULL,101),(82,'2018-01-02 16:21:12','NULL','NULL','NULL','NULL','NULL','NULL','NULL','NULL','NULL','NULL','NULL',0,NULL,0,NULL,0,NULL,0,'NULL',0,'NULL',NULL,102),(83,'2018-01-02 16:21:12','NULL','NULL','NULL','NULL','NULL','NULL','NULL','NULL','NULL','NULL','NULL',0,NULL,0,NULL,0,NULL,0,'NULL',0,'NULL',NULL,103),(84,'2018-01-02 16:21:12','NULL','NULL','NULL','NULL','NULL','NULL','NULL','NULL','NULL','NULL','NULL',0,NULL,0,NULL,0,NULL,0,'NULL',0,'NULL',NULL,104),(85,'2018-01-02 16:21:12','NULL','NULL','NULL','NULL','NULL','NULL','NULL','NULL','NULL','NULL','NULL',0,NULL,0,NULL,0,NULL,0,'NULL',0,'NULL',NULL,105),(86,'2018-01-02 16:21:12','NULL','NULL','NULL','NULL','NULL','NULL','NULL','NULL','NULL','NULL','NULL',0,NULL,0,NULL,0,NULL,0,'NULL',0,'NULL',NULL,106),(87,'2018-01-02 16:21:12','NULL','NULL','NULL','NULL','NULL','NULL','NULL','NULL','NULL','NULL','NULL',0,NULL,0,NULL,0,NULL,0,'NULL',0,'NULL',NULL,107),(88,'2018-01-02 16:21:12','NULL','NULL','NULL','NULL','NULL','NULL','NULL','NULL','NULL','NULL','NULL',0,NULL,0,NULL,0,NULL,0,'NULL',0,'NULL',NULL,108),(89,'2018-01-02 16:21:12','NULL','NULL','NULL','NULL','NULL','NULL','NULL','NULL','NULL','NULL','NULL',0,NULL,0,NULL,0,NULL,0,'NULL',0,'NULL',NULL,109),(90,'2018-01-02 17:55:27',NULL,NULL,NULL,NULL,NULL,NULL,NULL,NULL,NULL,NULL,NULL,0,NULL,0,NULL,0,NULL,0,NULL,0,NULL,NULL,111),(92,'2018-01-06 00:00:00','IFE AACA.pdf',NULL,NULL,NULL,'IFE.pdf',NULL,NULL,NULL,NULL,NULL,NULL,0,NULL,0,NULL,0,NULL,0,NULL,0,NULL,'1',113);
/*!40000 ALTER TABLE `techinfoaxis` ENABLE KEYS */;
UNLOCK TABLES;

--
-- Table structure for table `techinfocims`
--

DROP TABLE IF EXISTS `techinfocims`;
/*!40101 SET @saved_cs_client     = @@character_set_client */;
/*!40101 SET character_set_client = utf8 */;
CREATE TABLE `techinfocims` (
  `TechInfoCimId` int(11) NOT NULL AUTO_INCREMENT,
  `Computer` varchar(100) DEFAULT NULL,
  `Phone` varchar(100) DEFAULT NULL,
  `Camera` varchar(100) DEFAULT NULL,
  `TechId` int(11) DEFAULT NULL,
  `Other` varchar(45) DEFAULT NULL,
  PRIMARY KEY (`TechInfoCimId`),
  KEY `CTechId_idx` (`TechId`),
  CONSTRAINT `CTechId` FOREIGN KEY (`TechId`) REFERENCES `teches` (`TechId`) ON DELETE CASCADE ON UPDATE CASCADE
) ENGINE=InnoDB AUTO_INCREMENT=93 DEFAULT CHARSET=utf8;
/*!40101 SET character_set_client = @saved_cs_client */;

--
-- Dumping data for table `techinfocims`
--

LOCK TABLES `techinfocims` WRITE;
/*!40000 ALTER TABLE `techinfocims` DISABLE KEYS */;
INSERT INTO `techinfocims` VALUES (2,'NULL','NULL','NULL',22,'NULL'),(3,'NULL','NULL','NULL',23,'NULL'),(4,'NULL','NULL','NULL',24,'NULL'),(5,'NULL','NULL','NULL',25,'NULL'),(6,'NULL','NULL','NULL',26,'NULL'),(7,'NULL','NULL','NULL',27,'NULL'),(8,'NULL','NULL','NULL',28,'NULL'),(9,'NULL','NULL','NULL',29,'NULL'),(10,'NULL','NULL','NULL',30,'NULL'),(11,'NULL','NULL','NULL',31,'NULL'),(12,'NULL','NULL','NULL',32,'NULL'),(13,'NULL','NULL','NULL',33,'NULL'),(14,'NULL','NULL','NULL',34,'NULL'),(15,'NULL','NULL','NULL',35,'NULL'),(16,'NULL','NULL','NULL',36,'NULL'),(17,'NULL','NULL','NULL',37,'NULL'),(18,'NULL','NULL','NULL',38,'NULL'),(19,'NULL','NULL','NULL',39,'NULL'),(20,'NULL','NULL','NULL',40,'NULL'),(21,'NULL','NULL','NULL',41,'NULL'),(22,'NULL','NULL','NULL',42,'NULL'),(23,'NULL','NULL','NULL',43,'NULL'),(25,'NULL','NULL','NULL',45,'NULL'),(26,'NULL','NULL','NULL',46,'NULL'),(27,'NULL','NULL','NULL',47,'NULL'),(28,'NULL','NULL','NULL',48,'NULL'),(29,'NULL','NULL','NULL',49,'NULL'),(30,'NULL','NULL','NULL',50,'NULL'),(31,'NULL','NULL','NULL',51,'NULL'),(32,'NULL','NULL','NULL',52,'NULL'),(33,'NULL','NULL','NULL',53,'NULL'),(34,'NULL','NULL','NULL',54,'NULL'),(35,'NULL','NULL','NULL',55,'NULL'),(36,'NULL','NULL','NULL',56,'NULL'),(37,'NULL','NULL','NULL',57,'NULL'),(38,'NULL','NULL','NULL',58,'NULL'),(39,'NULL','NULL','NULL',59,'NULL'),(40,'NULL','NULL','NULL',60,'NULL'),(41,'NULL','NULL','NULL',61,'NULL'),(42,'NULL','NULL','NULL',62,'NULL'),(43,'NULL','NULL','NULL',63,'NULL'),(44,'NULL','NULL','NULL',64,'NULL'),(45,'NULL','NULL','NULL',65,'NULL'),(46,'NULL','NULL','NULL',66,'NULL'),(47,'NULL','NULL','NULL',67,'NULL'),(48,'NULL','NULL','NULL',68,'NULL'),(49,'NULL','NULL','NULL',69,'NULL'),(50,'NULL','NULL','NULL',70,'NULL'),(51,'NULL','NULL','NULL',71,'NULL'),(52,'NULL','NULL','NULL',72,'NULL'),(53,'NULL','NULL','NULL',73,'NULL'),(54,'NULL','NULL','NULL',74,'NULL'),(55,'NULL','NULL','NULL',75,'NULL'),(56,'NULL','NULL','NULL',76,'NULL'),(57,'NULL','NULL','NULL',77,'NULL'),(58,'NULL','NULL','NULL',78,'NULL'),(59,'NULL','NULL','NULL',79,'NULL'),(60,'NULL','NULL','NULL',80,'NULL'),(61,'NULL','NULL','NULL',81,'NULL'),(62,'NULL','NULL','NULL',82,'NULL'),(63,'NULL','NULL','NULL',83,'NULL'),(64,'NULL','NULL','NULL',84,'NULL'),(65,'NULL','NULL','NULL',85,'NULL'),(66,'NULL','NULL','NULL',86,'NULL'),(67,'NULL','NULL','NULL',87,'NULL'),(68,'NULL','NULL','NULL',88,'NULL'),(69,'NULL','NULL','NULL',89,'NULL'),(70,'NULL','NULL','NULL',90,'NULL'),(71,'NULL','NULL','NULL',91,'NULL'),(72,'NULL','NULL','NULL',92,'NULL'),(73,'NULL','NULL','NULL',93,'NULL'),(74,'NULL','NULL','NULL',94,'NULL'),(75,'NULL','NULL','NULL',95,'NULL'),(76,'NULL','NULL','NULL',96,'NULL'),(77,'NULL','NULL','NULL',97,'NULL'),(78,'NULL','NULL','NULL',98,'NULL'),(79,'NULL','NULL','NULL',99,'NULL'),(80,'NULL','NULL','NULL',100,'NULL'),(81,'NULL','NULL','NULL',101,'NULL'),(82,'NULL','NULL','NULL',102,'NULL'),(83,'NULL','NULL','NULL',103,'NULL'),(84,'NULL','NULL','NULL',104,'NULL'),(85,'NULL','NULL','NULL',105,'NULL'),(86,'NULL','NULL','NULL',106,'NULL'),(87,'NULL','NULL','NULL',107,'NULL'),(88,'NULL','NULL','NULL',108,'NULL'),(89,'NULL','NULL','NULL',109,'NULL'),(90,NULL,NULL,NULL,111,NULL),(92,NULL,NULL,NULL,113,NULL);
/*!40000 ALTER TABLE `techinfocims` ENABLE KEYS */;
UNLOCK TABLES;

--
-- Table structure for table `techinfokits`
--

DROP TABLE IF EXISTS `techinfokits`;
/*!40101 SET @saved_cs_client     = @@character_set_client */;
/*!40101 SET character_set_client = utf8 */;
CREATE TABLE `techinfokits` (
  `TechInfoKitId` int(11) NOT NULL AUTO_INCREMENT,
  `HarnessManufacter` varchar(100) DEFAULT NULL,
  `HarnessModel` varchar(45) DEFAULT NULL,
  `HarnessSerial` varchar(45) DEFAULT NULL,
  `HarnessDateManufacture` datetime DEFAULT NULL,
  `HarnessRecertification` varchar(100) DEFAULT NULL,
  `LaynarManufacter` varchar(100) DEFAULT NULL,
  `LaynarModel` varchar(100) DEFAULT NULL,
  `LaynarSerial` varchar(45) DEFAULT NULL,
  `LaynarDateManufacture` datetime DEFAULT NULL,
  `LaynarRecertification` varchar(100) DEFAULT NULL,
  `CableGrab` varchar(100) DEFAULT NULL,
  `Helment` varchar(100) DEFAULT NULL,
  `Uniforms` varchar(100) DEFAULT NULL,
  `Other` varchar(100) DEFAULT NULL,
  `TechId` int(11) DEFAULT NULL,
  PRIMARY KEY (`TechInfoKitId`),
  KEY `KTechId_idx` (`TechId`),
  CONSTRAINT `KTechId` FOREIGN KEY (`TechId`) REFERENCES `teches` (`TechId`) ON DELETE CASCADE ON UPDATE CASCADE
) ENGINE=InnoDB AUTO_INCREMENT=93 DEFAULT CHARSET=utf8;
/*!40101 SET character_set_client = @saved_cs_client */;

--
-- Dumping data for table `techinfokits`
--

LOCK TABLES `techinfokits` WRITE;
/*!40000 ALTER TABLE `techinfokits` DISABLE KEYS */;
INSERT INTO `techinfokits` VALUES (2,'NULL','NULL','NULL','2018-01-02 16:21:12','NULL','NULL','NULL','NULL','2018-01-02 16:21:12','NULL','NULL','NULL','NULL','NULL',22),(3,'NULL','NULL','NULL','2018-01-02 16:21:12','NULL','NULL','NULL','NULL','2018-01-02 16:21:12','NULL','NULL','NULL','NULL','NULL',23),(4,'NULL','NULL','NULL','2018-01-02 16:21:12','NULL','NULL','NULL','NULL','2018-01-02 16:21:12','NULL','NULL','NULL','NULL','NULL',24),(5,'NULL','NULL','NULL','2018-01-02 16:21:12','NULL','NULL','NULL','NULL','2018-01-02 16:21:12','NULL','NULL','NULL','NULL','NULL',25),(6,'NULL','NULL','NULL','2018-01-02 16:21:12','NULL','NULL','NULL','NULL','2018-01-02 16:21:12','NULL','NULL','NULL','NULL','NULL',26),(7,'NULL','NULL','NULL','2018-01-02 16:21:12','NULL','NULL','NULL','NULL','2018-01-02 16:21:12','NULL','NULL','NULL','NULL','NULL',27),(8,'NULL','NULL','NULL','2018-01-02 16:21:12','NULL','NULL','NULL','NULL','2018-01-02 16:21:12','NULL','NULL','NULL','NULL','NULL',28),(9,'NULL','NULL','NULL','2018-01-02 16:21:12','NULL','NULL','NULL','NULL','2018-01-02 16:21:12','NULL','NULL','NULL','NULL','NULL',29),(10,'NULL','NULL','NULL','2018-01-02 16:21:12','NULL','NULL','NULL','NULL','2018-01-02 16:21:12','NULL','NULL','NULL','NULL','NULL',30),(11,'NULL','NULL','NULL','2018-01-02 16:21:12','NULL','NULL','NULL','NULL','2018-01-02 16:21:12','NULL','NULL','NULL','NULL','NULL',31),(12,'NULL','NULL','NULL','2018-01-02 16:21:12','NULL','NULL','NULL','NULL','2018-01-02 16:21:12','NULL','NULL','NULL','NULL','NULL',32),(13,'NULL','NULL','NULL','2018-01-02 16:21:12','NULL','NULL','NULL','NULL','2018-01-02 16:21:12','NULL','NULL','NULL','NULL','NULL',33),(14,'NULL','NULL','NULL','2018-01-02 16:21:12','NULL','NULL','NULL','NULL','2018-01-02 16:21:12','NULL','NULL','NULL','NULL','NULL',34),(15,'NULL','NULL','NULL','2018-01-02 16:21:12','NULL','NULL','NULL','NULL','2018-01-02 16:21:12','NULL','NULL','NULL','NULL','NULL',35),(16,'NULL','NULL','NULL','2018-01-02 16:21:12','NULL','NULL','NULL','NULL','2018-01-02 16:21:12','NULL','NULL','NULL','NULL','NULL',36),(17,'NULL','NULL','NULL','2018-01-02 16:21:12','NULL','NULL','NULL','NULL','2018-01-02 16:21:12','NULL','NULL','NULL','NULL','NULL',37),(18,'NULL','NULL','NULL','2018-01-02 16:21:12','NULL','NULL','NULL','NULL','2018-01-02 16:21:12','NULL','NULL','NULL','NULL','NULL',38),(19,'NULL','NULL','NULL','2018-01-02 16:21:12','NULL','NULL','NULL','NULL','2018-01-02 16:21:12','NULL','NULL','NULL','NULL','NULL',39),(20,'NULL','NULL','NULL','2018-01-02 16:21:12','NULL','NULL','NULL','NULL','2018-01-02 16:21:12','NULL','NULL','NULL','NULL','NULL',40),(21,'NULL','NULL','NULL','2018-01-02 16:21:12','NULL','NULL','NULL','NULL','2018-01-02 16:21:12','NULL','NULL','NULL','NULL','NULL',41),(22,'NULL','NULL','NULL','2018-01-02 16:21:12','NULL','NULL','NULL','NULL','2018-01-02 16:21:12','NULL','NULL','NULL','NULL','NULL',42),(23,'NULL','NULL','NULL','2018-01-02 16:21:12','NULL','NULL','NULL','NULL','2018-01-02 16:21:12','NULL','NULL','NULL','NULL','NULL',43),(25,'NULL','NULL','NULL','2018-01-02 16:21:12','NULL','NULL','NULL','NULL','2018-01-02 16:21:12','NULL','NULL','NULL','NULL','NULL',45),(26,'NULL','NULL','NULL','2018-01-02 16:21:12','NULL','NULL','NULL','NULL','2018-01-02 16:21:12','NULL','NULL','NULL','NULL','NULL',46),(27,'NULL','NULL','NULL','2018-01-02 16:21:12','NULL','NULL','NULL','NULL','2018-01-02 16:21:12','NULL','NULL','NULL','NULL','NULL',47),(28,'NULL','NULL','NULL','2018-01-02 16:21:12','NULL','NULL','NULL','NULL','2018-01-02 16:21:12','NULL','NULL','NULL','NULL','NULL',48),(29,'NULL','NULL','NULL','2018-01-02 16:21:12','NULL','NULL','NULL','NULL','2018-01-02 16:21:12','NULL','NULL','NULL','NULL','NULL',49),(30,'NULL','NULL','NULL','2018-01-02 16:21:12','NULL','NULL','NULL','NULL','2018-01-02 16:21:12','NULL','NULL','NULL','NULL','NULL',50),(31,'NULL','NULL','NULL','2018-01-02 16:21:12','NULL','NULL','NULL','NULL','2018-01-02 16:21:12','NULL','NULL','NULL','NULL','NULL',51),(32,'NULL','NULL','NULL','2018-01-02 16:21:12','NULL','NULL','NULL','NULL','2018-01-02 16:21:12','NULL','NULL','NULL','NULL','NULL',52),(33,'NULL','NULL','NULL','2018-01-02 16:21:12','NULL','NULL','NULL','NULL','2018-01-02 16:21:12','NULL','NULL','NULL','NULL','NULL',53),(34,'NULL','NULL','NULL','2018-01-02 16:21:12','NULL','NULL','NULL','NULL','2018-01-02 16:21:12','NULL','NULL','NULL','NULL','NULL',54),(35,'NULL','NULL','NULL','2018-01-02 16:21:12','NULL','NULL','NULL','NULL','2018-01-02 16:21:12','NULL','NULL','NULL','NULL','NULL',55),(36,'NULL','NULL','NULL','2018-01-02 16:21:12','NULL','NULL','NULL','NULL','2018-01-02 16:21:12','NULL','NULL','NULL','NULL','NULL',56),(37,'NULL','NULL','NULL','2018-01-02 16:21:12','NULL','NULL','NULL','NULL','2018-01-02 16:21:12','NULL','NULL','NULL','NULL','NULL',57),(38,'NULL','NULL','NULL','2018-01-02 16:21:12','NULL','NULL','NULL','NULL','2018-01-02 16:21:12','NULL','NULL','NULL','NULL','NULL',58),(39,'NULL','NULL','NULL','2018-01-02 16:21:12','NULL','NULL','NULL','NULL','2018-01-02 16:21:12','NULL','NULL','NULL','NULL','NULL',59),(40,'NULL','NULL','NULL','2018-01-02 16:21:12','NULL','NULL','NULL','NULL','2018-01-02 16:21:12','NULL','NULL','NULL','NULL','NULL',60),(41,'NULL','NULL','NULL','2018-01-02 16:21:12','NULL','NULL','NULL','NULL','2018-01-02 16:21:12','NULL','NULL','NULL','NULL','NULL',61),(42,'NULL','NULL','NULL','2018-01-02 16:21:12','NULL','NULL','NULL','NULL','2018-01-02 16:21:12','NULL','NULL','NULL','NULL','NULL',62),(43,'NULL','NULL','NULL','2018-01-02 16:21:12','NULL','NULL','NULL','NULL','2018-01-02 16:21:12','NULL','NULL','NULL','NULL','NULL',63),(44,'NULL','NULL','NULL','2018-01-02 16:21:12','NULL','NULL','NULL','NULL','2018-01-02 16:21:12','NULL','NULL','NULL','NULL','NULL',64),(45,'NULL','NULL','NULL','2018-01-02 16:21:12','NULL','NULL','NULL','NULL','2018-01-02 16:21:12','NULL','NULL','NULL','NULL','NULL',65),(46,'NULL','NULL','NULL','2018-01-02 16:21:12','NULL','NULL','NULL','NULL','2018-01-02 16:21:12','NULL','NULL','NULL','NULL','NULL',66),(47,'NULL','NULL','NULL','2018-01-02 16:21:12','NULL','NULL','NULL','NULL','2018-01-02 16:21:12','NULL','NULL','NULL','NULL','NULL',67),(48,'NULL','NULL','NULL','2018-01-02 16:21:12','NULL','NULL','NULL','NULL','2018-01-02 16:21:12','NULL','NULL','NULL','NULL','NULL',68),(49,'NULL','NULL','NULL','2018-01-02 16:21:12','NULL','NULL','NULL','NULL','2018-01-02 16:21:12','NULL','NULL','NULL','NULL','NULL',69),(50,'NULL','NULL','NULL','2018-01-02 16:21:12','NULL','NULL','NULL','NULL','2018-01-02 16:21:12','NULL','NULL','NULL','NULL','NULL',70),(51,'NULL','NULL','NULL','2018-01-02 16:21:12','NULL','NULL','NULL','NULL','2018-01-02 16:21:12','NULL','NULL','NULL','NULL','NULL',71),(52,'NULL','NULL','NULL','2018-01-02 16:21:12','NULL','NULL','NULL','NULL','2018-01-02 16:21:12','NULL','NULL','NULL','NULL','NULL',72),(53,'NULL','NULL','NULL','2018-01-02 16:21:12','NULL','NULL','NULL','NULL','2018-01-02 16:21:12','NULL','NULL','NULL','NULL','NULL',73),(54,'NULL','NULL','NULL','2018-01-02 16:21:12','NULL','NULL','NULL','NULL','2018-01-02 16:21:12','NULL','NULL','NULL','NULL','NULL',74),(55,'NULL','NULL','NULL','2018-01-02 16:21:12','NULL','NULL','NULL','NULL','2018-01-02 16:21:12','NULL','NULL','NULL','NULL','NULL',75),(56,'NULL','NULL','NULL','2018-01-02 16:21:12','NULL','NULL','NULL','NULL','2018-01-02 16:21:12','NULL','NULL','NULL','NULL','NULL',76),(57,'NULL','NULL','NULL','2018-01-02 16:21:12','NULL','NULL','NULL','NULL','2018-01-02 16:21:12','NULL','NULL','NULL','NULL','NULL',77),(58,'NULL','NULL','NULL','2018-01-02 16:21:12','NULL','NULL','NULL','NULL','2018-01-02 16:21:12','NULL','NULL','NULL','NULL','NULL',78),(59,'NULL','NULL','NULL','2018-01-02 16:21:12','NULL','NULL','NULL','NULL','2018-01-02 16:21:12','NULL','NULL','NULL','NULL','NULL',79),(60,'NULL','NULL','NULL','2018-01-02 16:21:12','NULL','NULL','NULL','NULL','2018-01-02 16:21:12','NULL','NULL','NULL','NULL','NULL',80),(61,'NULL','NULL','NULL','2018-01-02 16:21:12','NULL','NULL','NULL','NULL','2018-01-02 16:21:12','NULL','NULL','NULL','NULL','NULL',81),(62,'NULL','NULL','NULL','2018-01-02 16:21:12','NULL','NULL','NULL','NULL','2018-01-02 16:21:12','NULL','NULL','NULL','NULL','NULL',82),(63,'NULL','NULL','NULL','2018-01-02 16:21:12','NULL','NULL','NULL','NULL','2018-01-02 16:21:12','NULL','NULL','NULL','NULL','NULL',83),(64,'NULL','NULL','NULL','2018-01-02 16:21:12','NULL','NULL','NULL','NULL','2018-01-02 16:21:12','NULL','NULL','NULL','NULL','NULL',84),(65,'NULL','NULL','NULL','2018-01-02 16:21:12','NULL','NULL','NULL','NULL','2018-01-02 16:21:12','NULL','NULL','NULL','NULL','NULL',85),(66,'NULL','NULL','NULL','2018-01-02 16:21:12','NULL','NULL','NULL','NULL','2018-01-02 16:21:12','NULL','NULL','NULL','NULL','NULL',86),(67,'NULL','NULL','NULL','2018-01-02 16:21:12','NULL','NULL','NULL','NULL','2018-01-02 16:21:12','NULL','NULL','NULL','NULL','NULL',87),(68,'NULL','NULL','NULL','2018-01-02 16:21:12','NULL','NULL','NULL','NULL','2018-01-02 16:21:12','NULL','NULL','NULL','NULL','NULL',88),(69,'NULL','NULL','NULL','2018-01-02 16:21:12','NULL','NULL','NULL','NULL','2018-01-02 16:21:12','NULL','NULL','NULL','NULL','NULL',89),(70,'NULL','NULL','NULL','2018-01-02 16:21:12','NULL','NULL','NULL','NULL','2018-01-02 16:21:12','NULL','NULL','NULL','NULL','NULL',90),(71,'NULL','NULL','NULL','2018-01-02 16:21:12','NULL','NULL','NULL','NULL','2018-01-02 16:21:12','NULL','NULL','NULL','NULL','NULL',91),(72,'NULL','NULL','NULL','2018-01-02 16:21:12','NULL','NULL','NULL','NULL','2018-01-02 16:21:12','NULL','NULL','NULL','NULL','NULL',92),(73,'NULL','NULL','NULL','2018-01-02 16:21:12','NULL','NULL','NULL','NULL','2018-01-02 16:21:12','NULL','NULL','NULL','NULL','NULL',93),(74,'NULL','NULL','NULL','2018-01-02 16:21:12','NULL','NULL','NULL','NULL','2018-01-02 16:21:12','NULL','NULL','NULL','NULL','NULL',94),(75,'NULL','NULL','NULL','2018-01-02 16:21:12','NULL','NULL','NULL','NULL','2018-01-02 16:21:12','NULL','NULL','NULL','NULL','NULL',95),(76,'NULL','NULL','NULL','2018-01-02 16:21:12','NULL','NULL','NULL','NULL','2018-01-02 16:21:12','NULL','NULL','NULL','NULL','NULL',96),(77,'NULL','NULL','NULL','2018-01-02 16:21:12','NULL','NULL','NULL','NULL','2018-01-02 16:21:12','NULL','NULL','NULL','NULL','NULL',97),(78,'NULL','NULL','NULL','2018-01-02 16:21:12','NULL','NULL','NULL','NULL','2018-01-02 16:21:12','NULL','NULL','NULL','NULL','NULL',98),(79,'NULL','NULL','NULL','2018-01-02 16:21:12','NULL','NULL','NULL','NULL','2018-01-02 16:21:12','NULL','NULL','NULL','NULL','NULL',99),(80,'NULL','NULL','NULL','2018-01-02 16:21:12','NULL','NULL','NULL','NULL','2018-01-02 16:21:12','NULL','NULL','NULL','NULL','NULL',100),(81,'NULL','NULL','NULL','2018-01-02 16:21:12','NULL','NULL','NULL','NULL','2018-01-02 16:21:12','NULL','NULL','NULL','NULL','NULL',101),(82,'NULL','NULL','NULL','2018-01-02 16:21:12','NULL','NULL','NULL','NULL','2018-01-02 16:21:12','NULL','NULL','NULL','NULL','NULL',102),(83,'NULL','NULL','NULL','2018-01-02 16:21:12','NULL','NULL','NULL','NULL','2018-01-02 16:21:12','NULL','NULL','NULL','NULL','NULL',103),(84,'NULL','NULL','NULL','2018-01-02 16:21:12','NULL','NULL','NULL','NULL','2018-01-02 16:21:12','NULL','NULL','NULL','NULL','NULL',104),(85,'NULL','NULL','NULL','2018-01-02 16:21:12','NULL','NULL','NULL','NULL','2018-01-02 16:21:12','NULL','NULL','NULL','NULL','NULL',105),(86,'NULL','NULL','NULL','2018-01-02 16:21:12','NULL','NULL','NULL','NULL','2018-01-02 16:21:12','NULL','NULL','NULL','NULL','NULL',106),(87,'NULL','NULL','NULL','2018-01-02 16:21:12','NULL','NULL','NULL','NULL','2018-01-02 16:21:12','NULL','NULL','NULL','NULL','NULL',107),(88,'NULL','NULL','NULL','2018-01-02 16:21:12','NULL','NULL','NULL','NULL','2018-01-02 16:21:12','NULL','NULL','NULL','NULL','NULL',108),(89,'NULL','NULL','NULL','2018-01-02 16:21:12','NULL','NULL','NULL','NULL','2018-01-02 16:21:12','NULL','NULL','NULL','NULL','NULL',109),(90,NULL,NULL,NULL,'2018-01-02 17:55:27',NULL,NULL,NULL,NULL,'2018-01-02 17:55:27',NULL,NULL,NULL,NULL,NULL,111),(92,NULL,NULL,NULL,'2018-01-02 18:39:25',NULL,NULL,NULL,NULL,'2018-01-02 18:39:25',NULL,NULL,NULL,NULL,NULL,113);
/*!40000 ALTER TABLE `techinfokits` ENABLE KEYS */;
UNLOCK TABLES;

--
-- Table structure for table `techinfoworks`
--

DROP TABLE IF EXISTS `techinfoworks`;
/*!40101 SET @saved_cs_client     = @@character_set_client */;
/*!40101 SET character_set_client = utf8 */;
CREATE TABLE `techinfoworks` (
  `TechInfoWorkId` int(11) NOT NULL AUTO_INCREMENT,
  `TypeOfService` varchar(45) DEFAULT NULL,
  `ManufacturerName` varchar(45) DEFAULT NULL,
  `PlatformName` varchar(100) DEFAULT NULL,
  `FarmId` int(11) DEFAULT NULL,
  `Notes` text,
  `ScopeWorkId` int(11) DEFAULT NULL,
  `TechId` int(11) DEFAULT NULL,
  PRIMARY KEY (`TechInfoWorkId`),
  KEY `ScopeWorkId_idx` (`ScopeWorkId`),
  KEY `TechId_idx` (`TechId`),
  KEY `FFarmId_idx` (`FarmId`),
  CONSTRAINT `FFarmId` FOREIGN KEY (`FarmId`) REFERENCES `farms` (`FarmId`) ON DELETE CASCADE ON UPDATE CASCADE,
  CONSTRAINT `FScopeWorkId` FOREIGN KEY (`ScopeWorkId`) REFERENCES `scopeworks` (`ScopeWorkId`) ON DELETE NO ACTION ON UPDATE NO ACTION,
  CONSTRAINT `FTechId` FOREIGN KEY (`TechId`) REFERENCES `teches` (`TechId`) ON DELETE CASCADE ON UPDATE CASCADE
) ENGINE=InnoDB AUTO_INCREMENT=5 DEFAULT CHARSET=utf8;
/*!40101 SET character_set_client = @saved_cs_client */;

--
-- Dumping data for table `techinfoworks`
--

LOCK TABLES `techinfoworks` WRITE;
/*!40000 ALTER TABLE `techinfoworks` DISABLE KEYS */;
INSERT INTO `techinfoworks` VALUES (1,'1','AAER','A1500-77',1005,'Note',17,22),(2,'0','Acciona','AW3000-116',1025,'Note',9,113);
/*!40000 ALTER TABLE `techinfoworks` ENABLE KEYS */;
UNLOCK TABLES;

--
-- Table structure for table `toolkits`
--

DROP TABLE IF EXISTS `toolkits`;
/*!40101 SET @saved_cs_client     = @@character_set_client */;
/*!40101 SET character_set_client = utf8 */;
CREATE TABLE `toolkits` (
  `ToolKitsId` int(11) NOT NULL AUTO_INCREMENT,
  `Description` varchar(60) DEFAULT NULL,
  `KitType` varchar(45) DEFAULT NULL,
  `Status` varchar(45) DEFAULT NULL,
  PRIMARY KEY (`ToolKitsId`)
) ENGINE=InnoDB DEFAULT CHARSET=utf8;
/*!40101 SET character_set_client = @saved_cs_client */;

--
-- Dumping data for table `toolkits`
--

LOCK TABLES `toolkits` WRITE;
/*!40000 ALTER TABLE `toolkits` DISABLE KEYS */;
/*!40000 ALTER TABLE `toolkits` ENABLE KEYS */;
UNLOCK TABLES;

--
-- Table structure for table `tools`
--

DROP TABLE IF EXISTS `tools`;
/*!40101 SET @saved_cs_client     = @@character_set_client */;
/*!40101 SET character_set_client = utf8 */;
CREATE TABLE `tools` (
  `ToolId` int(11) NOT NULL AUTO_INCREMENT,
  `Description` varchar(60) DEFAULT NULL,
  `NumberItem` varchar(45) DEFAULT NULL,
  `ToolType` varchar(45) DEFAULT NULL,
  `Status` varchar(45) DEFAULT NULL,
  PRIMARY KEY (`ToolId`)
) ENGINE=InnoDB DEFAULT CHARSET=utf8;
/*!40101 SET character_set_client = @saved_cs_client */;

--
-- Dumping data for table `tools`
--

LOCK TABLES `tools` WRITE;
/*!40000 ALTER TABLE `tools` DISABLE KEYS */;
/*!40000 ALTER TABLE `tools` ENABLE KEYS */;
UNLOCK TABLES;

--
-- Table structure for table `truckdetails`
--

DROP TABLE IF EXISTS `truckdetails`;
/*!40101 SET @saved_cs_client     = @@character_set_client */;
/*!40101 SET character_set_client = utf8 */;
CREATE TABLE `truckdetails` (
  `TruckId` int(11) NOT NULL AUTO_INCREMENT,
  `LicencePlate` varchar(45) DEFAULT NULL,
  `MakeModel` varchar(45) DEFAULT NULL,
  `SiteLocation` varchar(45) DEFAULT NULL,
  `VIN` varchar(45) DEFAULT NULL,
  `DateRent` date DEFAULT NULL,
  `Year` int(6) DEFAULT '0',
  `GasDiesel` varchar(45) DEFAULT NULL,
  `GasCard` varchar(45) DEFAULT NULL,
  `InsuranceDocumentacion` varchar(45) DEFAULT NULL,
  `ItemInterior1` varchar(45) DEFAULT NULL,
  `ItemInterior2` varchar(45) DEFAULT NULL,
  `ItemInterior3` varchar(45) DEFAULT NULL,
  `ItemInterior4` varchar(45) DEFAULT NULL,
  `ItemInterior5` varchar(45) DEFAULT NULL,
  `EngineComparment1` varchar(45) DEFAULT NULL,
  `EngineComparment2` varchar(45) DEFAULT NULL,
  `EngineComparment3` varchar(45) DEFAULT NULL,
  `EngineComparment4` varchar(45) DEFAULT NULL,
  `ItemExterior1` varchar(45) DEFAULT NULL,
  `ItemExterior2` varchar(45) DEFAULT NULL,
  `ItemExterior3` varchar(45) DEFAULT NULL,
  `ItemExterior4` varchar(45) DEFAULT NULL,
  `ItemExterior5` varchar(45) DEFAULT NULL,
  `ItemExterior6` varchar(45) DEFAULT NULL,
  `ItemExterior7` varchar(45) DEFAULT NULL,
  `ItemExterior8` varchar(45) DEFAULT NULL,
  `ItemExterior9` varchar(45) DEFAULT NULL,
  `ItemExterior10` varchar(45) DEFAULT NULL,
  `ItemExterior11` varchar(45) DEFAULT NULL,
  `ItemExterior12` varchar(45) DEFAULT NULL,
  `ItemExterior13` varchar(45) DEFAULT NULL,
  `ItemExterior14` varchar(45) DEFAULT NULL,
  `ItemExterior15` varchar(45) DEFAULT NULL,
  `ItemExterior16` varchar(45) DEFAULT NULL,
  `AditionalComments` varchar(200) DEFAULT NULL,
  `PurchaseOrderId` int(11) DEFAULT NULL,
  `Status` varchar(45) DEFAULT NULL,
  `FullName` varchar(100) DEFAULT NULL,
  PRIMARY KEY (`TruckId`),
  KEY `F_TRUK_idx` (`TruckId`,`PurchaseOrderId`),
  KEY `FTruck_idx` (`PurchaseOrderId`),
  CONSTRAINT `FTruck` FOREIGN KEY (`PurchaseOrderId`) REFERENCES `trucks` (`PurchaseOrderId`) ON DELETE CASCADE ON UPDATE CASCADE
) ENGINE=InnoDB DEFAULT CHARSET=utf8;
/*!40101 SET character_set_client = @saved_cs_client */;

--
-- Dumping data for table `truckdetails`
--

LOCK TABLES `truckdetails` WRITE;
/*!40000 ALTER TABLE `truckdetails` DISABLE KEYS */;
/*!40000 ALTER TABLE `truckdetails` ENABLE KEYS */;
UNLOCK TABLES;

--
-- Table structure for table `trucks`
--

DROP TABLE IF EXISTS `trucks`;
/*!40101 SET @saved_cs_client     = @@character_set_client */;
/*!40101 SET character_set_client = utf8 */;
CREATE TABLE `trucks` (
  `PurchaseOrderId` int(11) NOT NULL,
  `NumberTrucks` int(11) DEFAULT '0',
  `RentalAgency` varchar(60) DEFAULT NULL,
  `Status` varchar(45) DEFAULT NULL,
  `RejectionComment` varchar(200) DEFAULT NULL,
  PRIMARY KEY (`PurchaseOrderId`)
) ENGINE=InnoDB DEFAULT CHARSET=utf8;
/*!40101 SET character_set_client = @saved_cs_client */;

--
-- Dumping data for table `trucks`
--

LOCK TABLES `trucks` WRITE;
/*!40000 ALTER TABLE `trucks` DISABLE KEYS */;
/*!40000 ALTER TABLE `trucks` ENABLE KEYS */;
UNLOCK TABLES;

--
-- Table structure for table `userclaims`
--

DROP TABLE IF EXISTS `userclaims`;
/*!40101 SET @saved_cs_client     = @@character_set_client */;
/*!40101 SET character_set_client = utf8 */;
CREATE TABLE `userclaims` (
  `Id` int(11) NOT NULL AUTO_INCREMENT,
  `UserId` varchar(128) NOT NULL,
  `ClaimType` longtext,
  `ClaimValue` longtext,
  PRIMARY KEY (`Id`),
  UNIQUE KEY `Id` (`Id`),
  KEY `UserId` (`UserId`),
  CONSTRAINT `ApplicationUser_Claims` FOREIGN KEY (`UserId`) REFERENCES `users` (`Id`) ON DELETE CASCADE ON UPDATE NO ACTION
) ENGINE=InnoDB DEFAULT CHARSET=utf8;
/*!40101 SET character_set_client = @saved_cs_client */;

--
-- Dumping data for table `userclaims`
--

LOCK TABLES `userclaims` WRITE;
/*!40000 ALTER TABLE `userclaims` DISABLE KEYS */;
/*!40000 ALTER TABLE `userclaims` ENABLE KEYS */;
UNLOCK TABLES;

--
-- Table structure for table `userlogins`
--

DROP TABLE IF EXISTS `userlogins`;
/*!40101 SET @saved_cs_client     = @@character_set_client */;
/*!40101 SET character_set_client = utf8 */;
CREATE TABLE `userlogins` (
  `LoginProvider` varchar(128) NOT NULL,
  `ProviderKey` varchar(128) NOT NULL,
  `UserId` varchar(128) NOT NULL,
  PRIMARY KEY (`LoginProvider`,`ProviderKey`,`UserId`),
  KEY `ApplicationUser_Logins` (`UserId`),
  CONSTRAINT `ApplicationUser_Logins` FOREIGN KEY (`UserId`) REFERENCES `users` (`Id`) ON DELETE CASCADE ON UPDATE NO ACTION
) ENGINE=InnoDB DEFAULT CHARSET=utf8;
/*!40101 SET character_set_client = @saved_cs_client */;

--
-- Dumping data for table `userlogins`
--

LOCK TABLES `userlogins` WRITE;
/*!40000 ALTER TABLE `userlogins` DISABLE KEYS */;
/*!40000 ALTER TABLE `userlogins` ENABLE KEYS */;
UNLOCK TABLES;

--
-- Table structure for table `userroles`
--

DROP TABLE IF EXISTS `userroles`;
/*!40101 SET @saved_cs_client     = @@character_set_client */;
/*!40101 SET character_set_client = utf8 */;
CREATE TABLE `userroles` (
  `UserId` varchar(128) NOT NULL,
  `RoleId` varchar(128) NOT NULL,
  PRIMARY KEY (`UserId`,`RoleId`),
  KEY `IdentityRole_Users` (`RoleId`),
  CONSTRAINT `ApplicationUser_Roles` FOREIGN KEY (`UserId`) REFERENCES `users` (`Id`) ON DELETE CASCADE ON UPDATE NO ACTION,
  CONSTRAINT `IdentityRole_Users` FOREIGN KEY (`RoleId`) REFERENCES `roles` (`Id`) ON DELETE CASCADE ON UPDATE NO ACTION
) ENGINE=InnoDB DEFAULT CHARSET=utf8;
/*!40101 SET character_set_client = @saved_cs_client */;

--
-- Dumping data for table `userroles`
--

LOCK TABLES `userroles` WRITE;
/*!40000 ALTER TABLE `userroles` DISABLE KEYS */;
INSERT INTO `userroles` VALUES ('76956e3e-5207-4022-92d4-8a38f8b6fe2d','1'),('517dad22-0ab3-447d-a434-41dea882fcd6','3'),('a6df8de2-aa7e-4be5-8265-6aed1cde0723','3'),('d0c030bd-2cc0-4bd0-b953-84eddb376e99','4'),('6c4fd9d7-a48a-4d44-a166-6f4adf36c8bd','5'),('c07fcbb0-d858-4ecc-9d05-4ed95a545a7e','6'),('5e2bfb6c-444f-4083-9fab-53070afd83d0','7'),('b1e4da49-7b9c-4970-9225-15fd73b3046d','7'),('df786c12-4850-4389-975d-f4a193e3fa60','8'),('1f7b658b-dbf0-46a0-8f31-d716142c9023','9');
/*!40000 ALTER TABLE `userroles` ENABLE KEYS */;
UNLOCK TABLES;

--
-- Table structure for table `users`
--

DROP TABLE IF EXISTS `users`;
/*!40101 SET @saved_cs_client     = @@character_set_client */;
/*!40101 SET character_set_client = utf8 */;
CREATE TABLE `users` (
  `Id` varchar(128) NOT NULL,
  `Email` varchar(256) DEFAULT NULL,
  `EmailConfirmed` tinyint(1) NOT NULL,
  `PasswordHash` longtext,
  `SecurityStamp` longtext,
  `PhoneNumber` longtext,
  `PhoneNumberConfirmed` tinyint(1) NOT NULL,
  `TwoFactorEnabled` tinyint(1) NOT NULL,
  `LockoutEndDateUtc` datetime DEFAULT NULL,
  `LockoutEnabled` tinyint(1) NOT NULL,
  `AccessFailedCount` int(11) NOT NULL,
  `UserName` varchar(256) NOT NULL,
  PRIMARY KEY (`Id`)
) ENGINE=InnoDB DEFAULT CHARSET=utf8;
/*!40101 SET character_set_client = @saved_cs_client */;

--
-- Dumping data for table `users`
--

LOCK TABLES `users` WRITE;
/*!40000 ALTER TABLE `users` DISABLE KEYS */;
INSERT INTO `users` VALUES ('1f7b658b-dbf0-46a0-8f31-d716142c9023','dhudson@axisrg.com',0,'AHsKvjrqY97qJHRcMiYAgGqrt36dJJ5JYjqRmoJB1D1CvvI/b7a9ljlBnQTC4/ZKow==','66ed82b8-aff4-4ace-abac-013254e428ff',NULL,0,0,NULL,1,0,'dhudson@axisrg.com'),('517dad22-0ab3-447d-a434-41dea882fcd6','iprice@axisrg.com',0,'AEtP8Mj6n8GIZdkgx+W2lUzdl1BFz54luEOQzq3zOqmQLp9+IZo5xWUabsTOb6Lb6Q==','52903e15-0d6e-43ba-8b78-1e46ed7d67aa',NULL,0,0,NULL,1,0,'iprice@axisrg.com'),('5e2bfb6c-444f-4083-9fab-53070afd83d0','gmurrieta@axisrg.com',0,'AC8eHYnMciPOdukOCBzFddKwCIudCr0+cFfEzLTJAOYVml78lEJx5B8VNbCpVPACZQ==','19195966-74bd-4d02-b7f0-c8a010815aa3',NULL,0,0,NULL,1,0,'gmurrieta@axisrg.com'),('6c4fd9d7-a48a-4d44-a166-6f4adf36c8bd','bberentson@axisrg.com',0,'AByYXSgHPWGgT3oxJlL3x6QnuaHVqwje/Ap73TfHtyTqk/oB/j8YKVywGm7YdubZOg==','dcb6f5d4-769c-444a-a517-ebb26d0f7598',NULL,0,0,NULL,1,0,'bberentson@axisrg.com'),('76956e3e-5207-4022-92d4-8a38f8b6fe2d','alavalle@axisrg.com',0,'APWNU6JPX1E0bHVZgE19ssxVaHStV63C2yyXDQssNTc54c4zJJP/wvly9Z/zUZgDeQ==','a9aa2680-ea7d-4c50-a7d8-5a9c1978b511',NULL,0,0,'2018-01-03 09:29:54',0,0,'alavalle@axisrg.com'),('a6df8de2-aa7e-4be5-8265-6aed1cde0723','gtapia@axisrg.com',0,'AA+X9hEQcKSfYnPSdYOIL4YuGnyBXSyef47i8+CJE94qNC9AXH7ImoKPiHUlId7ryw==','8351eb16-3cfc-4c6e-9651-80cfcafcc3b7',NULL,0,0,NULL,1,0,'gtapia@axisrg.com'),('b1e4da49-7b9c-4970-9225-15fd73b3046d','dalarcon@axisrg.com',0,'AO07jRmnvyOVgmsibYMLDtfmL7SjM++DggxUnDXZPYcXBszEM5MQXdav0fXKM9GnNg==','efc4fa53-0df7-4d0f-a06f-9b75127ddd02',NULL,0,0,NULL,1,0,'dalarcon@axisrg.com'),('c07fcbb0-d858-4ecc-9d05-4ed95a545a7e','ptattersfield@axisrg.com',0,'ANvTufkpbCsPk9wAZyxuxzjgzxh0U/ac687jZYorD0fshek60L7trL8EzVG5zEEe1w==','aacd276e-3161-4fc6-8b52-43affd380de9',NULL,0,0,NULL,1,0,'ptattersfield@axisrg.com'),('d0c030bd-2cc0-4bd0-b953-84eddb376e99','bmoore@axisrg.com',0,'ANdm2hwPOv06kgO6DNe5emNaD8jsVeJ3zWNtt0rFTgVfqghe+ie2vhWrSsX/35RXLw==','ede039d8-04e9-4612-8add-75c15159bb85',NULL,0,0,NULL,1,0,'bmoore@axisrg.com'),('df786c12-4850-4389-975d-f4a193e3fa60','rgallo@axisrg.com',0,'AO4CkhRIpFE/iAxOBXYnARiQUiiEOdxKiXf1XQXpzeZ1vpzT8jAuMH9X2gPeR30j2Q==','c24bcef4-e885-422f-9e46-04ae6db9f9fb',NULL,0,0,NULL,1,0,'rgallo@axisrg.com');
/*!40000 ALTER TABLE `users` ENABLE KEYS */;
UNLOCK TABLES;
/*!40103 SET TIME_ZONE=@OLD_TIME_ZONE */;

/*!40101 SET SQL_MODE=@OLD_SQL_MODE */;
/*!40014 SET FOREIGN_KEY_CHECKS=@OLD_FOREIGN_KEY_CHECKS */;
/*!40014 SET UNIQUE_CHECKS=@OLD_UNIQUE_CHECKS */;
/*!40101 SET CHARACTER_SET_CLIENT=@OLD_CHARACTER_SET_CLIENT */;
/*!40101 SET CHARACTER_SET_RESULTS=@OLD_CHARACTER_SET_RESULTS */;
/*!40101 SET COLLATION_CONNECTION=@OLD_COLLATION_CONNECTION */;
/*!40111 SET SQL_NOTES=@OLD_SQL_NOTES */;

-- Dump completed on 2018-01-03 11:17:19
